[
    {
        "Name": "TAMIL NADU AGRICULTURAL UNIVERSITY",
        "City": "COIMBATORE",
        "State": "TAMIL NADU"
    },
    {
        "Name": "ACHARYA NG RANGA AGRICULTURAL UNIVERSITY ",
        "City": "GUNTUR",
        "State": "ANDHRA PRADESH"
    },
    {
        "Name": "PUNJAB AGRICULTURAL UNIVERSITY -",
        "City": "LUDHIANA",
        "State": "PUNJAB"
    },
    {
        "Name": "ANBIL DHARMALINGAM AGRICULTURAL COLLEGE AND RESEARCH INSTITUTE ",
        "City": "TIRUCHIRAPPALLI,",
        "State": "TAMIL NADU"
    },
    {
        "Name": "GOVIND BALLABH PANT UNIVERSITY OF AGRICULTURE AND TECHNOLOGY",
        "City": "PANTNAGAR",
        "State": "UTTARAKHAND"
    },
    {
        "Name": "MAHATMA PHULE KRISHI VIDYAPEETH",
        "City": "PUNE",
        "State": "MAHARASHTRA"
    },
    {
        "Name": "BIRSA AGRICULTURAL UNIVERSITY",
        "City": "RANCHI",
        "State": "JHARKHAND"
    },
    {
        "Name": "DR. RAJENDRA PRASAD CENTRAL AGRICULTURAL UNIVERSITY",
        "City": "SAMASTIPUR",
        "State": "BIHAR"
    },
    {
        "Name": "JUNAGADH AGRICULTURAL UNIVERSITY",
        "City": "JUNAGADH",
        "State": "GUJARAT "
    },
    {
        "Name": "DR DY PATIL COLLEGE OF AGRICULTURE BUSINESS MANAGEMENT",
        "City": "PUNE",
        "State": "MAHARASHTRA"
    },
    {
        "Name": "SAM HIGGINBOTTOM UNIVERSITY OF AGRICULTURE TECHNOLOGY AND SCIENCES",
        "City": "ALLAHABAD",
        "State": "UTTAR PRADESH"
    },
    {
        "Name": "MAHATMA JYOTI RAO PHOOLE UNIVERSITY ",
        "City": "JAIPUR",
        "State": "RAJASTHAN"
    },
    {
        "Name": "JAWAHARLAL NEHRU KRISHI VISHWA VIDYALAYA ",
        "City": "JABALPUR",
        "State": "MADHYA PRADESH"
    },
    {
        "Name": "KHALSA COLLEGE",
        "City": "AMRITSAR",
        "State": "PUNJAB"
    },
    {
        "Name": "INDIRA GANDHI KRISHI VISHWAVIDYALAYA ",
        "City": "RAIPUR",
        "State": "CHHATTISGARH"
    },
    {
        "Name": "YASHWANTRAO CHAVAN MAHARASHTRA OPEN UNIVERSITY",
        "City": "NASHIK",
        "State": "MAHARASHTRA"
    },
    {
        "Name": "VANAVARAYAR INSTITUTE OF AGRICULTURE",
        "City": "POLLACHI",
        "State": "TAMIL NADU"
    },
    {
        "Name": "ANAND NIKETAN COLLEGE OF AGRICULTURE",
        "City": "CHANDRAPUR",
        "State": "MAHARASHTRA"
    },
    {
        "Name": "UTTAR BANGA KRISHI VISHWAVIDYALAYA ",
        "City": "COOCH BEHAR",
        "State": "WEST BENGAL"
    }
]