[
    {
        "name": "Accurate Institute of Architecture & Planning",
        "city": "Greater Noida",
        "state": "Uttar Pradesh"
    },
    {
        "name": "Acharyar NRV School of Architecture, Bangalore",
        "city": "Bangalore",
        "state": "Karnataka"
    },
    {
        "name": "Aligarh Muslim University",
        "city": "Aligarh",
        "state": "Uttar Pradesh"
    },
    {
        "name": "Angadi Instittute of Technology and Management",
        "city": "Belagavi",
        "state": "Karnataka"
    },
    {
        "name": "Anjuman-I-Islam`s Kalsekar Technical Campus",
        "city": "New Panvel",
        "state": "Maharashtra"
    },
    {
        "name": "Anna University",
        "city": "Chennai",
        "state": "Tamil Nadu"
    },
    {
        "name": "Apeejay Institute of Technology-School of Architecture & Planning",
        "city": "Greater Noida",
        "state": "Uttar Pradesh"
    },
    {
        "name": "B. S. Abdur Rahman Crescent Institute of Science and Technology",
        "city": "Chennai",
        "state": "Tamil Nadu"
    },
    {
        "name": "Bharati Vidyapeeth`s College of Architecture",
        "city": "Navi Mumbai",
        "state": "Maharashtra"
    },
    {
        "name": "Bharati Vidyapeeth?s College of Architecture",
        "city": "Pune",
        "state": "Maharashtra"
    },
    {
        "name": "Birla Institute of Technology",
        "city": "Ranchi",
        "state": "Jharkhand"
    },
    {
        "name": "BMS College of Arhitecture",
        "city": "Bengaluru",
        "state": "Karnataka"
    },
    {
        "name": "BMS School of Architecture, Yelahanka",
        "city": "Bangalore",
        "state": "Karnataka"
    },
    {
        "name": "Bundelkhand University",
        "city": "Jhansi",
        "state": "Uttar Pradesh"
    },
    {
        "name": "C.A.R.E School of Architecture (New)",
        "city": "TRICHY",
        "state": "Tamil Nadu"
    },
    {
        "name": "Chandigarh University",
        "city": "Mohali",
        "state": "Punjab"
    },
    {
        "name": "Chitkara University",
        "city": "Rajpura",
        "state": "Punjab"
    },
    {
        "name": "College of Engineering & Technology",
        "city": "Akola",
        "state": "Maharashtra"
    },
    {
        "name": "College of Engineering, Trivandrum",
        "city": "Thiruvananthapuram",
        "state": "Kerala"
    },
    {
        "name": "CT Institute of Architecture and Planning",
        "city": "Jalandhar",
        "state": "Punjab"
    },
    {
        "name": "D. Y. Patil College of Engineering & Technology Department of Architecture",
        "city": "Kolhapur",
        "state": "Maharashtra"
    },
    {
        "name": "Deenbandhu Chhotu Ram University of Science & Technology",
        "city": "Sonipat",
        "state": "Haryana"
    },
    {
        "name": "Faculty of Architecture and Planning, Dr APJ Abbdul Kalam Technical University, Lucknow",
        "city": "Lucknow",
        "state": "Uttar Pradesh"
    },
    {
        "name": "Gandhi Institute of Technology and Management",
        "city": "Visakhapatnam",
        "state": "Andhra Pradesh"
    },
    {
        "name": "Government Engineering College, Thrissur",
        "city": "Thrissur",
        "state": "Kerala"
    },
    {
        "name": "Guru Gobind Singh Indraprastha University",
        "city": "New Delhi",
        "state": "Delhi"
    },
    {
        "name": "Hindustan Institute of Technology and Science (HITS)",
        "city": "Chennai",
        "state": "Tamil Nadu"
    },
    {
        "name": "IDEAS-Institute of Design Education & Architectural Studies",
        "city": "Nagpur",
        "state": "Maharashtra"
    },
    {
        "name": "Indian Institute of Engineering Science and Technology, Shibpur",
        "city": "HOWRAH",
        "state": "West Bengal"
    },
    {
        "name": "Indian Institute of Technology, Kharagpur",
        "city": "Kharagpur",
        "state": "West Bengal"
    },
    {
        "name": "Indian Institute of Technology, Roorkee",
        "city": "Roorkee",
        "state": "Uttarakhand"
    },
    {
        "name": "Indus University",
        "city": "Gandhinagar",
        "state": "Gujarat"
    },
    {
        "name": "Integral University",
        "city": "Lucknow",
        "state": "Uttar Pradesh"
    },
    {
        "name": "Jamia Millia Islamia, New Delhi",
        "city": "New Delhi",
        "state": "Delhi"
    },
    {
        "name": "JNAFAU School of Planning and Architecture",
        "city": "Hyderabad",
        "state": "Telangana"
    },
    {
        "name": "Kamala Raheja Vidyanidhi Institute of Architecture and Environmental Studies, Mumbai",
        "city": "Mumbai",
        "state": "Maharashtra"
    },
    {
        "name": "Kavikulguru Institute of Technology and Science",
        "city": "Ramtek",
        "state": "Maharashtra"
    },
    {
        "name": "Lovely Professional University",
        "city": "Phagwara",
        "state": "Punjab"
    },
    {
        "name": "M. G. R. Educational and Research Institute",
        "city": "Chennai",
        "state": "Tamil Nadu"
    },
    {
        "name": "M. S. Ramaiah Institute of Technology",
        "city": "Bengaluru",
        "state": "Karnataka"
    },
    {
        "name": "Madhav Institute of Technology and Science, Gwalior",
        "city": "Gwalior",
        "state": "Madhya Pradesh"
    },
    {
        "name": "Mahatma Education Society's Pillai's College of Architecture",
        "city": "New Panvel",
        "state": "Maharashtra"
    },
    {
        "name": "Mahatma Gandhi Mission`s Jawaharlal Nehru Engineering College",
        "city": "Aurangabad",
        "state": "Maharashtra"
    },
    {
        "name": "Manipal School of Architecture and Planning, Mahe",
        "city": "Udupi",
        "state": "Karnataka"
    },
    {
        "name": "Marathwada Institute of Technology",
        "city": "Aurangabad",
        "state": "Maharashtra"
    },
    {
        "name": "Marathwada Mitra Mandal`s College of Architecture, Pune",
        "city": "Pune",
        "state": "Maharashtra"
    },
    {
        "name": "Maulana Azad National Institute of Technology",
        "city": "Bhopal",
        "state": "Madhya Pradesh"
    },
    {
        "name": "MES Engineering College",
        "city": "Malappuram District",
        "state": "Kerala"
    },
    {
        "name": "MIT Art, Design and Technology University, Pune",
        "city": "Pune",
        "state": "Maharashtra"
    },
    {
        "name": "Moradabad Educational Trust, Group of Institutions, Faculty of B. Architecture",
        "city": "Moradabad",
        "state": "Uttar Pradesh"
    },
    {
        "name": "N.D.M.V.P.Samajs College of Architecture, Nashik",
        "city": "NASHIK",
        "state": "Maharashtra"
    },
    {
        "name": "National Institute of Technology, Calicut",
        "city": "Kozhikode",
        "state": "Kerala"
    },
    {
        "name": "National Institute of Technology, Hamirpur",
        "city": "Hamirpur",
        "state": "Himachal Pradesh"
    },
    {
        "name": "National Institute of Technology, Patna",
        "city": "Patna",
        "state": "Bihar"
    },
    {
        "name": "National Institute of Technology, Raipur",
        "city": "Raipur",
        "state": "Chhattisgarh"
    },
    {
        "name": "National Institute of Technology, Tiruchirappalli",
        "city": "Tiruchirappalli",
        "state": "Tamil Nadu"
    },
    {
        "name": "Navrachana University",
        "city": "Vadodara",
        "state": "Gujarat"
    },
    {
        "name": "Nirma University",
        "city": "Ahmedabad",
        "state": "Gujarat"
    },
    {
        "name": "Om Institute of Technology & Management",
        "city": "HISAR",
        "state": "Haryana"
    },
    {
        "name": "Omdayal Group of Institutions",
        "city": "Howrah",
        "state": "West Bengal"
    },
    {
        "name": "P D A College of Engineering, Gulbarga",
        "city": "Kalaburagi",
        "state": "Karnataka"
    },
    {
        "name": "P.P. Savani University",
        "city": "Surat",
        "state": "Gujarat"
    },
    {
        "name": "Parul University",
        "city": "Vadodara",
        "state": "Gujarat"
    },
    {
        "name": "Periyar Manaimmai Institute of Science & Technology (PMIST)",
        "city": "Vallam Thanjavur",
        "state": "Tamil Nadu"
    },
    {
        "name": "Pimpri Chinchwad Education Trust S.B Patil College of Architecture and Design",
        "city": "PUNE",
        "state": "Maharashtra"
    },
    {
        "name": "Poornima University",
        "city": "Jaipur",
        "state": "Rajasthan"
    },
    {
        "name": "R R School of Architecture",
        "city": "Bengaluru",
        "state": "Karnataka"
    },
    {
        "name": "R. R. Institute of Modern Technology",
        "city": "Lucknow",
        "state": "Uttar Pradesh"
    },
    {
        "name": "Rajiv Gandhi Government Engineering College",
        "city": "Kangra",
        "state": "Himachal Pradesh"
    },
    {
        "name": "Rajiv Gandhi Institute of Technology",
        "city": "Kottayam",
        "state": "Kerala"
    },
    {
        "name": "Reva University",
        "city": "Bengaluru",
        "state": "Karnataka"
    },
    {
        "name": "RV College of Architecture",
        "city": "Bangalore",
        "state": "Karnataka"
    },
    {
        "name": "S.R.M. Institute of Science and Technology",
        "city": "Chennai",
        "state": "Tamil Nadu"
    },
    {
        "name": "Sanskar College of Architecture and Planning",
        "city": "Hapur",
        "state": "Uttar Pradesh"
    },
    {
        "name": "Sarvajanik College of Engineering & Technology, Faculty of Architecture",
        "city": "Surat-",
        "state": "Gujarat"
    },
    {
        "name": "Sasi Creative School of Architecture",
        "city": "Coimbatore",
        "state": "Tamil Nadu"
    },
    {
        "name": "School of Architecture, Indore",
        "city": "Indore",
        "state": "Madhya Pradesh"
    },
    {
        "name": "School of Planning & Architecture, Vijayawada",
        "city": "Vijayawada",
        "state": "Andhra Pradesh"
    },
    {
        "name": "School of Planning and Architecture, Bhopal",
        "city": "Bhopal",
        "state": "Madhya Pradesh"
    },
    {
        "name": "School of Planning and Architecture, New Delhi",
        "city": "New Delhi",
        "state": "Delhi"
    },
    {
        "name": "Shaheed Bhagat Singh State University",
        "city": "Firozepur",
        "state": "Punjab"
    },
    {
        "name": "Shantaben Manubhai Patel Institute Architecture and Interior Design",
        "city": "Anand",
        "state": "Gujarat"
    },
    {
        "name": "Shri Mata Vaishno Devi University",
        "city": "Katra",
        "state": "Jammu and Kashmir"
    },
    {
        "name": "SJB School of Aarchitecture and Planning, Kengeri",
        "city": "Bengaluru",
        "state": "Karnataka"
    },
    {
        "name": "Smt. Manoramabai Mundle College of Architecture",
        "city": "Nagpur",
        "state": "Maharashtra"
    },
    {
        "name": "Sushant University",
        "city": "Gurugram",
        "state": "Haryana"
    },
    {
        "name": "Thakur School of Architecture & Planning",
        "city": "MUMBAI",
        "state": "Maharashtra"
    },
    {
        "name": "The Oxford College of Engineering",
        "city": "Bengaluru",
        "state": "Karnataka"
    },
    {
        "name": "Thiagarajar College of Engineering",
        "city": "Madurai",
        "state": "Tamil Nadu"
    },
    {
        "name": "TKM College of Engineering",
        "city": "Kollam",
        "state": "Kerala"
    },
    {
        "name": "Visvesvaraya National Institute of Technology, Nagpur",
        "city": "Nagpur",
        "state": "Maharashtra"
    }
]