[
    {
        "name": "A.B.Shetty Memorial Institute of Dental Sciences",
        "city": "Mangaluru",
        "state": "Karnataka"
    },
    {
        "name": "ADHIPARASAKTHI DENTAL COLLEGE AND HOSPITAL, KANCHEEPURAM",
        "city": "Melmaruvathur",
        "state": "Tamil Nadu"
    },
    {
        "name": "AJ Institute of Dental Sciences",
        "city": "Dakshina Kannada",
        "state": "Karnataka"
    },
    {
        "name": "Al-Badar Rural Gulbarga Dental College & Hospital",
        "city": "Gulbarga",
        "state": "Karnataka"
    },
    {
        "name": "Aligarh Muslim University",
        "city": "Aligarh",
        "state": "Uttar Pradesh"
    },
    {
        "name": "Amrita Vishwa Vidyapeetham",
        "city": "Coimbatore",
        "state": "Tamil Nadu"
    },
    {
        "name": "Annamalai University",
        "city": "Annamalainagar",
        "state": "Tamil Nadu"
    },
    {
        "name": "Annasaheb Chudaman Patil Memorial Dental College",
        "city": "Dhule",
        "state": "Maharashtra"
    },
    {
        "name": "Annoor Dental College, Muvattupuzha",
        "city": "Muvattupuzha",
        "state": "Kerala"
    },
    {
        "name": "Army College of Dental Sciences",
        "city": "Secunderabd",
        "state": "Telangana"
    },
    {
        "name": "Baba Jaswant Singh Dental College Hospital & Research Institute, Ludhiana",
        "city": "Ludhiana",
        "state": "Punjab"
    },
    {
        "name": "Banaras Hindu University",
        "city": "Varanasi",
        "state": "Uttar Pradesh"
    },
    {
        "name": "Bapuji Dental College & Hospital",
        "city": "Davangere",
        "state": "Karnataka"
    },
    {
        "name": "BEST DENTAL SCIENCE COLLEGE (Inst. Code - 269), MADURAI",
        "city": "Madurai",
        "state": "Tamil Nadu"
    },
    {
        "name": "BHABHA COLLEGE OF DENTAL SCIENCE",
        "city": "Bhopal",
        "state": "Madhya Pradesh"
    },
    {
        "name": "Bharati Vidyapeeth (Deemed to be University) Dental College and Hospital, Navi Mumbai",
        "city": "Navi Mumbai",
        "state": "Maharashtra"
    },
    {
        "name": "Bharati Vidyapeeth (Deemed to be University) Dental College and Hospital, Pune",
        "city": "Pune",
        "state": "Maharashtra"
    },
    {
        "name": "Bharati Vidyapeeth Dental College & Hospital",
        "city": "Sangli",
        "state": "Maharashtra"
    },
    {
        "name": "Bhojia Dental College & Hospital",
        "city": "Baddi",
        "state": "Himachal Pradesh"
    },
    {
        "name": "Chettinad Dental College and Research Institute",
        "city": "Kelambakkam",
        "state": "Tamil Nadu"
    },
    {
        "name": "Christian Dental College",
        "city": "Ludhiana",
        "state": "Punjab"
    },
    {
        "name": "Coorg Institute of Dental Sciences",
        "city": "Virajpet",
        "state": "Karnataka"
    },
    {
        "name": "D A Pandu Memorial R V Dental College",
        "city": "Bangalore",
        "state": "Karnataka"
    },
    {
        "name": "Darshan Dental College & Hospital",
        "city": "Udaipur",
        "state": "Rajasthan"
    },
    {
        "name": "Dasmesh Institute of Research & Dental Sciences, Faridkot",
        "city": "Faridkot",
        "state": "Punjab"
    },
    {
        "name": "Datta Meghe Institute of Medical Sciences",
        "city": "Wardha",
        "state": "Maharashtra"
    },
    {
        "name": "Dayananda Sagar College of Dental Sciences",
        "city": "Bangalore",
        "state": "Karnataka"
    },
    {
        "name": "Desh Bhagat University",
        "city": "Mandi Gobindgarh",
        "state": "Punjab"
    },
    {
        "name": "Dharmsinh Desai University",
        "city": "Nadiad",
        "state": "Gujarat"
    },
    {
        "name": "Dr. D. Y. Patil Vidyapeeth",
        "city": "Pune",
        "state": "Maharashtra"
    },
    {
        "name": "Dr. Harvansh Singh Judge Institute of Dental Sciences",
        "city": "Chandigarh",
        "state": "Chandigarh"
    },
    {
        "name": "Drs. Sudha and Nageswara Rao Siddhartha Institute of Dental Sciences",
        "city": "Vijayawada",
        "state": "Andhra Pradesh"
    },
    {
        "name": "ESIC Dental College",
        "city": "Gulbarga",
        "state": "Karnataka"
    },
    {
        "name": "ESIC Dental College",
        "city": "Delhi",
        "state": "Delhi"
    },
    {
        "name": "Farooqia Dental College & Hospital",
        "city": "Mysore",
        "state": "Karnataka"
    },
    {
        "name": "Geetanjali University",
        "city": "Udaipur",
        "state": "Rajasthan"
    },
    {
        "name": "Gitam Dental College & Hospital",
        "city": "Vishakhapatnam",
        "state": "Andhra Pradesh"
    },
    {
        "name": "GOVERNMENT DENTAL COLLEGE",
        "city": "Thiruvananthapuram",
        "state": "Kerala"
    },
    {
        "name": "Government Dental College",
        "city": "Ahmedabad",
        "state": "Gujarat"
    },
    {
        "name": "Government Dental College, Bangalore",
        "city": "Bangalore",
        "state": "Karnataka"
    },
    {
        "name": "Govt. Dental College, Indore",
        "city": "Indore",
        "state": "Madhya Pradesh"
    },
    {
        "name": "Govt. Dental College, Nagpur",
        "city": "Nagpur",
        "state": "Maharashtra"
    },
    {
        "name": "GURU NANAK INSTITUTE OF DENTAL SCIENCES & RESEARCH",
        "city": "Kolkata-",
        "state": "West Bengal"
    },
    {
        "name": "H.P. Govt. Dental College & Hospital",
        "city": "Shimla",
        "state": "Himachal Pradesh"
    },
    {
        "name": "HAZARIBAG COLLEGE OF DENTAL SCIENCES & HOSPITAL",
        "city": "Hazaribag",
        "state": "Jharkhand"
    },
    {
        "name": "Himachal Institute of Dental Sciences",
        "city": "Sirmour",
        "state": "Himachal Pradesh"
    },
    {
        "name": "I.T.S. DENTAL COLLEGE HOSPITAL & RESEARCH CENTER, GREATAR NOIDA",
        "city": "Greater Noida",
        "state": "Uttar Pradesh"
    },
    {
        "name": "Indira Gandhi Institute of Dental Sciences",
        "city": "Ernakulam",
        "state": "Kerala"
    },
    {
        "name": "Indira Gandhi Institute of Dental Sciences",
        "city": "Puducherry",
        "state": "Pondicherry"
    },
    {
        "name": "Institute of Dental Sciences",
        "city": "Bareilly",
        "state": "Uttar Pradesh"
    },
    {
        "name": "Institute of Dental Sciences",
        "city": "Jammu",
        "state": "Jammu and Kashmir"
    },
    {
        "name": "INSTITUTE OF DENTAL STUDIES & TECHNOLOGY DELHI-MEERUT ROAD, KADRABAD, MODINAGAR",
        "city": "Modinagar",
        "state": "Uttar Pradesh"
    },
    {
        "name": "ITS Centre for Dental Studies and Research Delhi, Murad Nagar, Ghaziabad",
        "city": "Ghaziabad",
        "state": "Uttar Pradesh"
    },
    {
        "name": "J.N. Kapoor, D.A.V Centenary Dental College",
        "city": "Yamunanagar",
        "state": "Haryana"
    },
    {
        "name": "Jamia Millia Islamia, New Delhi",
        "city": "New Delhi",
        "state": "Delhi"
    },
    {
        "name": "Jan Nayak Ch. Devi Lal Dental College, Sirsa",
        "city": "Sirsa",
        "state": "Haryana"
    },
    {
        "name": "JKK Natrajah Dental College",
        "city": "Komarapalayam",
        "state": "Tamil Nadu"
    },
    {
        "name": "JSS Dental College and Hospital",
        "city": "Mysuru",
        "state": "Karnataka"
    },
    {
        "name": "K L E Society's Institute of Dental Sciences",
        "city": "Bengaluru",
        "state": "Karnataka"
    },
    {
        "name": "Kalinga Institute of Industrial Technology",
        "city": "BHUBANESWAR",
        "state": "Odisha"
    },
    {
        "name": "Kamineni Inst. of Dental Sciences, Narketpally",
        "city": "Nalgonda",
        "state": "Telangana"
    },
    {
        "name": "Karnavati University",
        "city": "Gandhinagar",
        "state": "Gujarat"
    },
    {
        "name": "Karpaga Vinayaga Institute Of Dental sciences",
        "city": "Chengalpattu",
        "state": "Tamil Nadu"
    },
    {
        "name": "King George`s Medical University",
        "city": "Lucknow",
        "state": "Uttar Pradesh"
    },
    {
        "name": "KLE VISHWANATH KATTI INSTITUTE OF DENTAL SCIENCES",
        "city": "Belgaum",
        "state": "Karnataka"
    },
    {
        "name": "KMCT Dental College",
        "city": "Kozhikode",
        "state": "Kerala"
    },
    {
        "name": "Krishna Institute of Medical Sciences Deemed University, Karad",
        "city": "Karad",
        "state": "Maharashtra"
    },
    {
        "name": "Krishnadevaraya College of Dental Sciences & Hospital",
        "city": "Bengaluru",
        "state": "Karnataka"
    },
    {
        "name": "KSR Institute of Dental Science and Research",
        "city": "Tiruchengode",
        "state": "Tamil Nadu"
    },
    {
        "name": "KVG Dental College & Hospital Sullia",
        "city": "Sullia",
        "state": "Karnataka"
    },
    {
        "name": "Luxmi Bai Institute of Dental Sciences & Hospital",
        "city": "Patiala",
        "state": "Punjab"
    },
    {
        "name": "M R Ambedkar Dental College & Hospital Institute",
        "city": "Bengaluru",
        "state": "Karnataka"
    },
    {
        "name": "M. G. R. Educational and Research Institute",
        "city": "Chennai",
        "state": "Tamil Nadu"
    },
    {
        "name": "M.S. Ramaiah University of Applied Sciences",
        "city": "Bangalore",
        "state": "Karnataka"
    },
    {
        "name": "Maharaja Ganga Singh Dental College & Research Centre",
        "city": "Sri Ganganagar",
        "state": "Rajasthan"
    },
    {
        "name": "Maharishi Markandeshwar",
        "city": "Ambala",
        "state": "Haryana"
    },
    {
        "name": "Mahe Institute of Dental Sciences & Hospital",
        "city": "Mahe",
        "state": "Pondicherry"
    },
    {
        "name": "MALABAR DENTAL COLLEGE, MUNDUR",
        "city": "EDAPPAL",
        "state": "Kerala"
    },
    {
        "name": "Malla Reddy Institute of Dental Sciences",
        "city": "Hyderabad",
        "state": "Telangana"
    },
    {
        "name": "Manav Rachna International Institute of Research & Studies",
        "city": "Faridabad",
        "state": "Haryana"
    },
    {
        "name": "Manipal College of Dental Sciences, Mangalore",
        "city": "Mangalore",
        "state": "Karnataka"
    },
    {
        "name": "Manipal College of Dental Sciences, Manipal",
        "city": "Udupi",
        "state": "Karnataka"
    },
    {
        "name": "Mar Baselios Dental College",
        "city": "Ernakulam",
        "state": "Kerala"
    },
    {
        "name": "Maratha Mandal`s Nathajirao G Halgekar Institute",
        "city": "Belgaum",
        "state": "Karnataka"
    },
    {
        "name": "Maulana Azad Institute of Dental Sciences",
        "city": "Delhi",
        "state": "Delhi"
    },
    {
        "name": "Meenakshi Academy of Higher Education and Research",
        "city": "Chennai",
        "state": "Tamil Nadu"
    },
    {
        "name": "MGM Dental College and Hospital, Navi Mumbai",
        "city": "Navi Mumbai",
        "state": "Maharashtra"
    },
    {
        "name": "MGVs Karmaveer Bhausaheb Hire Dental College, Nashik",
        "city": "Nashik",
        "state": "Maharashtra"
    },
    {
        "name": "MNR Dental College",
        "city": "Sangareddy",
        "state": "Telangana"
    },
    {
        "name": "Nair Hospital Dental College",
        "city": "Mumbai",
        "state": "Maharashtra"
    },
    {
        "name": "Navodaya dental College",
        "city": "Raichur",
        "state": "Karnataka"
    },
    {
        "name": "NIMS University, Jaipur",
        "city": "Jaipur",
        "state": "Rajasthan"
    },
    {
        "name": "NOORUL ISLAM COLLEGE OF DENTAL SCIENCES, NEYYATTINKARA",
        "city": "Neyyattinkara",
        "state": "Kerala"
    },
    {
        "name": "P.M. Nadagouda Memorial Dental College & Hospital",
        "city": "Bagalkot",
        "state": "Karnataka"
    },
    {
        "name": "Pacific Dental College & Hospital",
        "city": "Udaipur",
        "state": "Rajasthan"
    },
    {
        "name": "Padmashree Dr. D. Y. Patil Vidyapeeth, Mumbai",
        "city": "Mumbai",
        "state": "Maharashtra"
    },
    {
        "name": "Panjab University",
        "city": "Chandigarh",
        "state": "Chandigarh"
    },
    {
        "name": "Pb. Govt. Dental College & Hospital",
        "city": "Amritsar",
        "state": "Punjab"
    },
    {
        "name": "People?s Dental Academy",
        "city": "Bhopal",
        "state": "Madhya Pradesh"
    },
    {
        "name": "PMS College of Dental Science & Research",
        "city": "Thiruvananthapuram",
        "state": "Kerala"
    },
    {
        "name": "Postgraduate Institute of Dental Sciences",
        "city": "Rohtak",
        "state": "Haryana"
    },
    {
        "name": "Pravara Institute of Medical Sciences, Ahmednagar",
        "city": "Ahmednagar",
        "state": "Maharashtra"
    },
    {
        "name": "PSM COLLEGE OF DENTAL SC. AKKIKAVU",
        "city": "Thrissur",
        "state": "Kerala"
    },
    {
        "name": "Pushpagiri College of Dental Sciences, Thiruvalla",
        "city": "Thiruvalla",
        "state": "Kerala"
    },
    {
        "name": "RAGAS DENTAL COLLEGE & HOSPITAL, CHENNAI",
        "city": "CHENNAI",
        "state": "Tamil Nadu"
    },
    {
        "name": "Raja Rajeswari Dental College & Hospital",
        "city": "Bengaluru",
        "state": "Karnataka"
    },
    {
        "name": "RAMA UNIVERSITY UTTAR PRADESH",
        "city": "Kanpur Nagar",
        "state": "Uttar Pradesh"
    },
    {
        "name": "Rishiraj College of Dental Sciences & Research Centre",
        "city": "Bhopal",
        "state": "Madhya Pradesh"
    },
    {
        "name": "RUNGTA COLLEGE OF DENTAL COLLEGE SCIENCE AND RESEARCH, BHILAI",
        "city": "BHILAI",
        "state": "Chhattisgarh"
    },
    {
        "name": "S B Patil Institute of Dental Sciences & Research",
        "city": "BIDAR",
        "state": "Karnataka"
    },
    {
        "name": "Sankalchand Patel University, Visnagar",
        "city": "Visnagar",
        "state": "Gujarat"
    },
    {
        "name": "SARASWATI DENTAL COLLEGE & HOSPITAL",
        "city": "Lucknow",
        "state": "Uttar Pradesh"
    },
    {
        "name": "Sardar Patel Post Graduate Institute of Dental and Medical Sciences",
        "city": "LUCKNOW",
        "state": "Uttar Pradesh"
    },
    {
        "name": "Saveetha Institute of Medical and Technical Sciences",
        "city": "Chennai",
        "state": "Tamil Nadu"
    },
    {
        "name": "SDM College of Dental Sciences & Hospital",
        "city": "Dharwad",
        "state": "Karnataka"
    },
    {
        "name": "Seema Dental College and Hospital, Rishikesh",
        "city": "Rishikesh",
        "state": "Uttarakhand"
    },
    {
        "name": "Shree Guru Gobind Singh Tricentenary University",
        "city": "Gurgaon",
        "state": "Haryana"
    },
    {
        "name": "Siksha `O` Anusandhan",
        "city": "Bhubaneswar",
        "state": "Odisha"
    },
    {
        "name": "Sinhgad Dental College & Hospital, Pune",
        "city": "Pune",
        "state": "Maharashtra"
    },
    {
        "name": "Sree Balaji Dental College & Hospital",
        "city": "Chennai",
        "state": "Tamil Nadu"
    },
    {
        "name": "Sri Guru Ram Das Institute of Dental Sciences & Research",
        "city": "Amritsar",
        "state": "Punjab"
    },
    {
        "name": "Sri Rajiv Gandhi College of Dental Sciences & Hospital",
        "city": "Bangalore",
        "state": "Karnataka"
    },
    {
        "name": "Sri Ramachandra Institute of Higher Education and Research",
        "city": "Chennai",
        "state": "Tamil Nadu"
    },
    {
        "name": "SRI RAMAKRISHNA DENTAL COLLEGE AND HOSPITAL, COIMBATORE",
        "city": "Coimbatore",
        "state": "Tamil Nadu"
    },
    {
        "name": "Sri Siddhartha Dental college, Tumkur",
        "city": "Tumkur",
        "state": "Karnataka"
    },
    {
        "name": "Sri Venkata Sai Institute of Dental Sciences",
        "city": "Mahabub Nagar",
        "state": "Telangana"
    },
    {
        "name": "Sri Venkateshwaraa Dental College",
        "city": "Pondicherry",
        "state": "Pondicherry"
    },
    {
        "name": "Srinivas Institute of Dental Sciences",
        "city": "Mangalore",
        "state": "Karnataka"
    },
    {
        "name": "SRM Dental College",
        "city": "Chennai",
        "state": "Tamil Nadu"
    },
    {
        "name": "Subharti Dental College & Hospital",
        "city": "Meerut",
        "state": "Uttar Pradesh"
    },
    {
        "name": "Sudha Rustagi College of Dental Sciences & Research, Faridabad",
        "city": "Faridabad",
        "state": "Haryana"
    },
    {
        "name": "Sumandeep Vidyapeeth, Vadodara",
        "city": "Vadodara",
        "state": "Gujarat"
    },
    {
        "name": "Surendera Dental College and Research Institute",
        "city": "Ganganagar",
        "state": "Rajasthan"
    },
    {
        "name": "Tagore Dental College & Hospital",
        "city": "Chennai",
        "state": "Tamil Nadu"
    },
    {
        "name": "Teerthanker Mahaveer University",
        "city": "Moradabad",
        "state": "Uttar Pradesh"
    },
    {
        "name": "The Oxford Dental College",
        "city": "Bangalore",
        "state": "Karnataka"
    },
    {
        "name": "Vinayaka Mission`s Sankarachariyar Dental College",
        "city": "Salem",
        "state": "Tamil Nadu"
    },
    {
        "name": "Vishnu Dental College, Bheemavaram",
        "city": "Bhimavaram",
        "state": "Andhra Pradesh"
    },
    {
        "name": "Vivekanandha Denal College for Women",
        "city": "Triuchengode",
        "state": "Tamil Nadu"
    },
    {
        "name": "Vokkaligara Sangha Dental College & Hospital",
        "city": "Bengaluru",
        "state": "Karnataka"
    },
    {
        "name": "VYWS Dental College, Amravati",
        "city": "Amravati",
        "state": "Maharashtra"
    },
    {
        "name": "Yenepoya Dental College",
        "city": "Mangaluru",
        "state": "Karnataka"
    }
]