[
    {
        "name": "Indian Institute of Technology Madras",
        "city": "Chennai",
        "rank": 1,
        "state": "Tamil Nadu"
    },
    {
        "name": "Indian Institute of Science",
        "city": "Bengaluru",
        "rank": 2,
        "state": "Karnataka"
    },
    {
        "name": "Indian Institute of Technology, Bombay",
        "city": "Mumbai",
        "rank": 3,
        "state": "Maharashtra"
    },
    {
        "name": "Indian Institute of Technology, Delhi",
        "city": "New Delhi",
        "rank": 4,
        "state": "Delhi"
    },
    {
        "name": "Indian Institute of Technology Kanpur",
        "city": "Kanpur",
        "rank": 5,
        "state": "Uttar Pradesh"
    },
    {
        "name": "Indian Institute of Technology, Kharagpur",
        "city": "Kharagpur",
        "rank": 6,
        "state": "West Bengal"
    },
    {
        "name": "Indian Institute of Technology, Roorkee",
        "city": "Roorkee",
        "rank": 7,
        "state": "Uttarakhand"
    },
    {
        "name": "Indian Institute of Technology Guwahati",
        "city": "Guwahati",
        "rank": 8,
        "state": "Assam"
    },
    {
        "name": "All India Institute of Medical Sciences, Delhi",
        "city": "New Delhi",
        "rank": 9,
        "state": "Delhi"
    },
    {
        "name": "Jawaharlal Nehru University",
        "city": "New Delhi",
        "rank": 10,
        "state": "Delhi"
    },
    {
        "name": "Banaras Hindu University",
        "city": "Varanasi",
        "rank": 11,
        "state": "Uttar Pradesh"
    },
    {
        "name": "Jadavpur University",
        "city": "Kolkata",
        "rank": 12,
        "state": "West Bengal"
    },
    {
        "name": "Jamia Millia Islamia, New Delhi",
        "city": "New Delhi",
        "rank": 13,
        "state": "Delhi"
    },
    {
        "name": "Indian Institute of Technology Hyderabad",
        "city": "Hyderabad",
        "rank": 14,
        "state": "Telangana"
    },
    {
        "name": "Calcutta University",
        "city": "Kolkata",
        "rank": 15,
        "state": "West Bengal"
    },
    {
        "name": "Amrita Vishwa Vidyapeetham",
        "city": "Coimbatore",
        "rank": 16,
        "state": "Tamil Nadu"
    },
    {
        "name": "Manipal Academy of Higher Education, Manipal",
        "city": "Manipal",
        "rank": 17,
        "state": "Karnataka"
    },
    {
        "name": "Vellore Institute of Technology",
        "city": "Vellore",
        "rank": 18,
        "state": "Tamil Nadu"
    },
    {
        "name": "Aligarh Muslim University",
        "city": "Aligarh",
        "rank": 19,
        "state": "Uttar Pradesh"
    },
    {
        "name": "University of Hyderabad",
        "city": "Hyderabad",
        "rank": 20,
        "state": "Telangana"
    },
    {
        "name": "National Institute of Technology, Tiruchirappalli",
        "city": "Tiruchirappalli",
        "rank": 21,
        "state": "Tamil Nadu"
    },
    {
        "name": "Anna University",
        "city": "Chennai",
        "rank": 22,
        "state": "Tamil Nadu"
    },
    {
        "name": "University of Delhi",
        "city": "Delhi",
        "rank": 23,
        "state": "Delhi"
    },
    {
        "name": "Bharathiar University",
        "city": "Coimbatore",
        "rank": 24,
        "state": "Tamil Nadu"
    },
    {
        "name": "Savitribai Phule Pune University",
        "city": "Pune",
        "rank": 25,
        "state": "Maharashtra"
    },
    {
        "name": "Indian Institute of Science Education & Research, Pune",
        "city": "Pune",
        "rank": 26,
        "state": "Maharashtra"
    },
    {
        "name": "National Institute of Technology Karnataka, Surathkal ",
        "city": "Surathkal",
        "rank": 27,
        "state": "Karnataka"
    },
    {
        "name": "Institute of Chemical Technology",
        "city": "Mumbai",
        "rank": 28,
        "state": "Maharashtra"
    },
    {
        "name": "Indian Institute of Technology (Banaras Hindu University) Varanasi",
        "city": "Varanasi",
        "rank": 29,
        "state": "Uttar Pradesh"
    },
    {
        "name": "Siksha `O` Anusandhan",
        "city": "Bhubaneswar",
        "rank": 30,
        "state": "Odisha"
    },
    {
        "name": "Indian Institute of Technology Indore",
        "city": "Indore",
        "rank": 31,
        "state": "Madhya Pradesh"
    },
    {
        "name": "Birla Institute of Technology & Science - Pilani",
        "city": "Pilani",
        "rank": 32,
        "state": "Rajasthan"
    },
    {
        "name": "Homi Bhabha National Institute",
        "city": "Mumbai",
        "rank": 33,
        "state": "Maharashtra"
    },
    {
        "name": "Kalinga Institute of Industrial Technology",
        "city": "Bhubaneswar",
        "rank": 34,
        "state": "Odisha"
    },
    {
        "name": "Indian Institute of Technology Ropar",
        "city": "Rupnagar",
        "rank": 35,
        "state": "Punjab"
    },
    {
        "name": "S.R.M. Institute of Science and Technology",
        "city": "Chennai",
        "rank": 36,
        "state": "Tamil Nadu"
    },
    {
        "name": "Indian Institute of Technology, Gandhinagar",
        "city": "Gandhinagar",
        "rank": 37,
        "state": "Gujarat"
    },
    {
        "name": "Indian Institute of Technology (Indian School of Mines)",
        "city": "Dhanbad",
        "rank": 38,
        "state": "Jharkhand"
    },
    {
        "name": "National Institute of Technology Rourkela",
        "city": "Rourkela",
        "rank": 39,
        "state": "Odisha"
    },
    {
        "name": "Indian Institute of Science Education & Research, Kolkata",
        "city": "Mohanpur",
        "rank": 40,
        "state": "West Bengal"
    },
    {
        "name": "Panjab University",
        "city": "Chandigarh",
        "rank": 41,
        "state": "Chandigarh"
    },
    {
        "name": "Amity University",
        "city": "Gautam Budh Nagar",
        "rank": 42,
        "state": "Uttar Pradesh"
    },
    {
        "name": "Indian Institute of Technology, Mandi",
        "city": "Mandi",
        "rank": 43,
        "state": "Himachal Pradesh"
    },
    {
        "name": "Saveetha Institute of Medical and Technical Sciences",
        "city": "Chennai",
        "rank": 44,
        "state": "Tamil Nadu"
    },
    {
        "name": "National Institute of Technology Warangal",
        "city": "Warangal",
        "rank": 45,
        "state": "Telangana"
    },
    {
        "name": "Osmania University",
        "city": "Hyderabad",
        "rank": 46,
        "state": "Telangana"
    },
    {
        "name": "Indian Institute of Science Education & Research, Mohali",
        "city": "Mohali",
        "rank": 47,
        "state": "Punjab"
    },
    {
        "name": "Chandigarh University",
        "city": "Mohali",
        "rank": 48,
        "state": "Punjab"
    },
    {
        "name": "Shanmugha Arts Science Technology & Research Academy",
        "city": "Thanjavur",
        "rank": 49,
        "state": "Tamil Nadu"
    },
    {
        "name": "Kalasalingam Academy of Research and Education",
        "city": "Srivilliputtur",
        "rank": 50,
        "state": "Tamil Nadu"
    },
    {
        "name": "Mahatma Gandhi University, Kottayam",
        "city": "Kottayam",
        "rank": 51,
        "state": "Kerala"
    },
    {
        "name": "Kerala University",
        "city": "Thiruvananthapuram",
        "rank": 52,
        "state": "Kerala"
    },
    {
        "name": "Alagappa University",
        "city": "Karaikudi",
        "rank": 53,
        "state": "Tamil Nadu"
    },
    {
        "name": "Jawaharlal Institute of Post Graduate Medical Education & Research",
        "city": "Puducherry",
        "rank": 54,
        "state": "Pondicherry"
    },
    {
        "name": "Koneru Lakshmaiah Education Foundation University (K L College of Engineering)",
        "city": "Vaddeswaram",
        "rank": 54,
        "state": "Andhra Pradesh"
    },
    {
        "name": "Mysore University",
        "city": "Mysuru",
        "rank": 54,
        "state": "Karnataka"
    },
    {
        "name": "Thapar Institute of Engineering and Technology",
        "city": "Patiala",
        "rank": 57,
        "state": "Punjab"
    },
    {
        "name": "Lovely Professional University",
        "city": "Phagwara",
        "rank": 58,
        "state": "Punjab"
    },
    {
        "name": "Indian Institute of Technology, Patna",
        "city": "Patna",
        "rank": 59,
        "state": "Bihar"
    },
    {
        "name": "JSS Academy of Higher Education and Research",
        "city": "Mysuru",
        "rank": 60,
        "state": "Karnataka"
    },
    {
        "name": "Indian Institute of Science Education & Research Bhopal",
        "city": "Bhopal",
        "rank": 61,
        "state": "Madhya Pradesh"
    },
    {
        "name": "Symbiosis International",
        "city": "Pune",
        "rank": 62,
        "state": "Maharashtra"
    },
    {
        "name": "Delhi Technological University",
        "city": "New Delhi",
        "rank": 63,
        "state": "Delhi"
    },
    {
        "name": "Gauhati University",
        "city": "Guwahati",
        "rank": 64,
        "state": "Assam"
    },
    {
        "name": "Indian Institute of Technology Bhubaneswar",
        "city": "Bhubaneswar",
        "rank": 65,
        "state": "Odisha"
    },
    {
        "name": "Indian Institute of Engineering Science and Technology, Shibpur",
        "city": "Howrah",
        "rank": 66,
        "state": "West Bengal"
    },
    {
        "name": "Sathyabama Institute of Science and Technology",
        "city": "Chennai",
        "rank": 67,
        "state": "Tamil Nadu"
    },
    {
        "name": "Visvesvaraya National Institute of Technology, Nagpur",
        "city": "Nagpur",
        "rank": 68,
        "state": "Maharashtra"
    },
    {
        "name": "Cochin University of Science and Technology",
        "city": "Cochin",
        "rank": 69,
        "state": "Kerala"
    },
    {
        "name": "University of Madras",
        "city": "Chennai",
        "rank": 70,
        "state": "Tamil Nadu"
    },
    {
        "name": "Andhra University, Visakhapatnam",
        "city": "Visakhapatnam",
        "rank": 71,
        "state": "Andhra Pradesh"
    },
    {
        "name": "National Institute of Technology Durgapur",
        "city": "Durgapur",
        "rank": 72,
        "state": "West Bengal"
    },
    {
        "name": "Gujarat University",
        "city": "Ahmedabad",
        "rank": 73,
        "state": "Gujarat"
    },
    {
        "name": "Jamia Hamdard",
        "city": "New Delhi",
        "rank": 74,
        "state": "Delhi"
    },
    {
        "name": "King George`s Medical University",
        "city": "Lucknow",
        "rank": 75,
        "state": "Uttar Pradesh"
    },
    {
        "name": "Dr. D. Y. Patil Vidyapeeth",
        "city": "Pune",
        "rank": 76,
        "state": "Maharashtra"
    },
    {
        "name": "National Institute of Technology, Silchar",
        "city": "Silchar",
        "rank": 76,
        "state": "Assam"
    },
    {
        "name": "Babasheb Bhimrao Ambedkar University",
        "city": "Lucknow",
        "rank": 78,
        "state": "Uttar Pradesh"
    },
    {
        "name": "Indian Institute of Management Kozhikode",
        "city": "Kozhikode",
        "rank": 79,
        "state": "Kerala"
    },
    {
        "name": "Guru Nanak Dev University",
        "city": "Amritsar",
        "rank": 80,
        "state": "Punjab"
    },
    {
        "name": "Mumbai University",
        "city": "Mumbai",
        "rank": 81,
        "state": "Maharashtra"
    },
    {
        "name": "Bharathidasan University",
        "city": "Tiruchirappalli",
        "rank": 82,
        "state": "Tamil Nadu"
    },
    {
        "name": "Sri Ramachandra Institute of Higher Education and Research",
        "city": "Chennai",
        "rank": 83,
        "state": "Tamil Nadu"
    },
    {
        "name": "University of Kashmir",
        "city": "Srinagar",
        "rank": 84,
        "state": "Jammu and Kashmir"
    },
    {
        "name": "Dr. B R Ambedkar National Institute of Technology, Jalandhar",
        "city": "Jalandhar",
        "rank": 85,
        "state": "Punjab"
    },
    {
        "name": "All India Institute of Medical Sciences Jodhpur",
        "city": "Jodhpur",
        "rank": 86,
        "state": "Rajasthan"
    },
    {
        "name": "Banasthali Vidyapith",
        "city": "Banasthali",
        "rank": 87,
        "state": "Rajasthan"
    },
    {
        "name": "Madurai Kamaraj University",
        "city": "Madurai",
        "rank": 88,
        "state": "Tamil Nadu"
    },
    {
        "name": "SVKM`s Narsee Monjee Institute of Management Studies",
        "city": "Mumbai",
        "rank": 89,
        "state": "Maharashtra"
    },
    {
        "name": "Tezpur University",
        "city": "Tezpur",
        "rank": 90,
        "state": "Assam"
    },
    {
        "name": "Malaviya National Institute of Technology",
        "city": "Jaipur",
        "rank": 91,
        "state": "Rajasthan"
    },
    {
        "name": "Datta Meghe Institute of Medical Sciences",
        "city": "Wardha",
        "rank": 92,
        "state": "Maharashtra"
    },
    {
        "name": "University of Jammu",
        "city": "Jammu",
        "rank": 93,
        "state": "Jammu and Kashmir"
    },
    {
        "name": "Shiv Nadar University",
        "city": "Dadri",
        "rank": 94,
        "state": "Uttar Pradesh"
    },
    {
        "name": "Bharath Institute of Higher Education & Research",
        "city": "Chennai",
        "rank": 95,
        "state": "Tamil Nadu"
    },
    {
        "name": "Sri Sivasubramaniya Nadar College of Engineering",
        "city": "Kancheepuram",
        "rank": 96,
        "state": "Tamil Nadu"
    },
    {
        "name": "University of Petroleum and Energy Studies",
        "city": "Dehradun",
        "rank": 97,
        "state": "Uttarakhand"
    },
    {
        "name": "Bangalore University",
        "city": "Bangalore",
        "rank": 98,
        "state": "Karnataka"
    },
    {
        "name": "Tata Institute of Social Sciences",
        "city": "Mumbai",
        "rank": 99,
        "state": "Maharashtra"
    },
    {
        "name": "Visvesvaraya Technological University",
        "city": "Belgaum",
        "rank": 100,
        "state": "Karnataka"
    }
]