[
    {
        "name": "A.R.A. COLLEGE OF PHARMACY, DHULE",
        "city": "Dhule",
        "state": "Maharashtra"
    },
    {
        "name": "Abhilashi University",
        "city": "Mandi (Rural)",
        "state": "Himachal Pradesh"
    },
    {
        "name": "Acharya & B M Reddy College of Pharmacy",
        "city": "Bengaluru",
        "state": "Karnataka"
    },
    {
        "name": "Acharya Nagarjuna University College of Science",
        "city": "Guntur",
        "state": "Andhra Pradesh"
    },
    {
        "name": "Acropolis Institute of Pharmaceutical Education and Research",
        "city": "Indore",
        "state": "Madhya Pradesh"
    },
    {
        "name": "Adarsha Shikshan Prasrak Mandal's K.T. Patil Pharmacy College.",
        "city": "Osmanabad Pin-413501",
        "state": "Maharashtra"
    },
    {
        "name": "Adhiparasakthi College of Pharmacy",
        "city": "Melmaruvathur",
        "state": "Tamil Nadu"
    },
    {
        "name": "Adina Institute of Pharmaceutical Sciences",
        "city": "Sagar",
        "state": "Madhya Pradesh"
    },
    {
        "name": "Aditya Bangalore Institute of Pharmacy Education & Research",
        "city": "Bangalore",
        "state": "Karnataka"
    },
    {
        "name": "Aditya College of Pharmacy",
        "city": "Surampalem",
        "state": "Andhra Pradesh"
    },
    {
        "name": "Aditya Pharmacy College",
        "city": "Surampalem",
        "state": "Andhra Pradesh"
    },
    {
        "name": "Agnihotri College of Pharmacy",
        "city": "Wardha",
        "state": "Maharashtra"
    },
    {
        "name": "AISSMS College of Pharmacy",
        "city": "Pune",
        "state": "Maharashtra"
    },
    {
        "name": "Al Shifa College of Pharmacy, Perinthalmanna",
        "city": "Malappuram",
        "state": "Kerala"
    },
    {
        "name": "Al-Ameen College of Pharmacy",
        "city": "Bengaluru",
        "state": "Karnataka"
    },
    {
        "name": "Alard Charitable Trusts Alard College of Pharmacy, Pune",
        "city": "Pune",
        "state": "Maharashtra"
    },
    {
        "name": "Aldel Education Trusts St John Institute of Pharmacy",
        "city": "Palghar",
        "state": "Maharashtra"
    },
    {
        "name": "Ali-AllanaCollege of Pharmacy, Akkalkuwa",
        "city": "Akkalkuwa",
        "state": "Maharashtra"
    },
    {
        "name": "Amar Shaheed Baba Ajit Singh Jujhar Singh Memorial College of Pharmacy",
        "city": "Bela",
        "state": "Punjab"
    },
    {
        "name": "Amity University",
        "city": "Gautam Budh Nagar",
        "state": "Uttar Pradesh"
    },
    {
        "name": "Amrita Vishwa Vidyapeetham",
        "city": "Coimbatore",
        "state": "Tamil Nadu"
    },
    {
        "name": "Amrutvahini College of Pharmacy, Sangamner",
        "city": "Sangamner",
        "state": "Maharashtra"
    },
    {
        "name": "Anand College of Pharmacy, Agra",
        "city": "Agra",
        "state": "Uttar Pradesh"
    },
    {
        "name": "Anjuman-I-Islam`s Kalsekar Technical Campus",
        "city": "New Panvel",
        "state": "Maharashtra"
    },
    {
        "name": "Annamacharya College of Pharmacy",
        "city": "Rajampet",
        "state": "Andhra Pradesh"
    },
    {
        "name": "Annamalai University",
        "city": "Annamalainagar",
        "state": "Tamil Nadu"
    },
    {
        "name": "Anurag University",
        "city": "Hyderabad",
        "state": "Telangana"
    },
    {
        "name": "Apollo College of Pharmacy Infront of Vaternery College",
        "city": "DURG",
        "state": "Chhattisgarh"
    },
    {
        "name": "Appasaheb Birnale College of Pharmacy, South Shivajinagar,Sangli",
        "city": "Sangli",
        "state": "Maharashtra"
    },
    {
        "name": "Arihant School of Pharmacy and Bio-Reseach Institute",
        "city": "Gandhinagar",
        "state": "Gujarat"
    },
    {
        "name": "Arulmigu Kalasalingam College of Pharmacy",
        "city": "Srivilliputtur",
        "state": "Tamil Nadu"
    },
    {
        "name": "Arvind Gavali College of Pharmacy",
        "city": "Satara",
        "state": "Maharashtra"
    },
    {
        "name": "Ashokrao Mane College of Pharmacy,Peth-Vadgaon",
        "city": "Peth Vadgaon",
        "state": "Maharashtra"
    },
    {
        "name": "Assam Down Town University",
        "city": "Guwahati",
        "state": "Assam"
    },
    {
        "name": "AU College of Pharmaceutical Sciences, Andhra University",
        "city": "Visakhapatnam",
        "state": "Andhra Pradesh"
    },
    {
        "name": "B. K. Mody Government Pharmacy College",
        "city": "Rajkot",
        "state": "Gujarat"
    },
    {
        "name": "B. R. Nahata Colleg of Pharmacy",
        "city": "Mandsaur",
        "state": "Madhya Pradesh"
    },
    {
        "name": "Babaria Institute of Pharmacy",
        "city": "VADODARA",
        "state": "Gujarat"
    },
    {
        "name": "Babasheb Bhimrao Ambedkar University",
        "city": "Lucknow",
        "state": "Uttar Pradesh"
    },
    {
        "name": "Babu Banarasi Das Northern India Institute of Technology",
        "city": "Lucknow",
        "state": "Uttar Pradesh"
    },
    {
        "name": "Balaji Institute of Pharmaceutical Sciences, Warangal",
        "city": "Warangal (District)",
        "state": "Telangana"
    },
    {
        "name": "Banasthali Vidyapith",
        "city": "Banasthali",
        "state": "Rajasthan"
    },
    {
        "name": "Bapatla College of Pharmacy",
        "city": "Bapatla",
        "state": "Andhra Pradesh"
    },
    {
        "name": "Bapuji Pharmacy College",
        "city": "Davangere",
        "state": "Karnataka"
    },
    {
        "name": "Barkatullah University, Bhopal",
        "city": "Bhopal",
        "state": "Madhya Pradesh"
    },
    {
        "name": "BCDA COLLEGE OF PHARMACY & TECHNOLOGY",
        "city": "Kolkata",
        "state": "West Bengal"
    },
    {
        "name": "Begbs Saraswati Institute of Pharmacy Kurtadi",
        "city": "KURTADI",
        "state": "Maharashtra"
    },
    {
        "name": "Bengal School of Technology",
        "city": "Chinsurah",
        "state": "West Bengal"
    },
    {
        "name": "Bharathi College of Pharmacy",
        "city": "Mandya",
        "state": "Karnataka"
    },
    {
        "name": "Bharati Vidyapeeth College of Pharmacy, Kolhapur",
        "city": "Kolhapur",
        "state": "Maharashtra"
    },
    {
        "name": "Bharati Vidyapeeth`s College of Pharmacy",
        "city": "Navi Mumbai",
        "state": "Maharashtra"
    },
    {
        "name": "Bhaskar Pharmacy College",
        "city": "Hyderabad",
        "state": "Telangana"
    },
    {
        "name": "Bhaskara Institute of Pharmacy",
        "city": "Komatipalli",
        "state": "Andhra Pradesh"
    },
    {
        "name": "BHUPAL NOBLES COLLEGE OF PHARMACY, UDAIPUR",
        "city": "Udaipur",
        "state": "Rajasthan"
    },
    {
        "name": "BHUPAL NOBLES INSTITUTE OF PHARMACUTICAL SCIENCES, UDAIPUR",
        "city": "Udaipur",
        "state": "Rajasthan"
    },
    {
        "name": "Birla Institute of Technology",
        "city": "Ranchi",
        "state": "Jharkhand"
    },
    {
        "name": "Birla Institute of Technology & Science - Pilani",
        "city": "Pilani",
        "state": "Rajasthan"
    },
    {
        "name": "BLDEA`s Shri Sanganabasava Mahaswamiji College of Pharmacy and Research Centre",
        "city": "Vijayapur",
        "state": "Karnataka"
    },
    {
        "name": "Bombay College of Pharmacy",
        "city": "Mumbai",
        "state": "Maharashtra"
    },
    {
        "name": "Bundelkhand University",
        "city": "Jhansi",
        "state": "Uttar Pradesh"
    },
    {
        "name": "C. K. Pithawalla Institute of Pharmaceutical Science & Research",
        "city": "Surat",
        "state": "Gujarat"
    },
    {
        "name": "C.U.Shah College of Pharmacy",
        "city": "Mumbai",
        "state": "Maharashtra"
    },
    {
        "name": "Career point University",
        "city": "Kota",
        "state": "Rajasthan"
    },
    {
        "name": "Career Point University",
        "city": "Hamirpur",
        "state": "Himachal Pradesh"
    },
    {
        "name": "Central University of Punjab",
        "city": "Bathinda",
        "state": "Punjab"
    },
    {
        "name": "Chaitanya (Deemed to be University)",
        "city": "Warangal",
        "state": "Telangana"
    },
    {
        "name": "Chalapathi Institute of Pharmaceutical Science",
        "city": "Guntur",
        "state": "Andhra Pradesh"
    },
    {
        "name": "Chandigarh College of Pharmacy, Landran",
        "city": "Landran",
        "state": "Punjab"
    },
    {
        "name": "Chandigarh University",
        "city": "Mohali",
        "state": "Punjab"
    },
    {
        "name": "Channabasweshwar Pharmacy College",
        "city": "Latur",
        "state": "Maharashtra"
    },
    {
        "name": "Chatrapati Sahuji Maharaj Kanpur University",
        "city": "Kanpur",
        "state": "Uttar Pradesh"
    },
    {
        "name": "Chebrolu Hanumaiah Institute of Pharmaceutical Science",
        "city": "Guntur",
        "state": "Andhra Pradesh"
    },
    {
        "name": "Chillukur Balaji College of Pharmacy",
        "city": "Hyderabad",
        "state": "Telangana"
    },
    {
        "name": "Chitkara University",
        "city": "Rajpura",
        "state": "Punjab"
    },
    {
        "name": "CMR College of Pharmacy",
        "city": "Rangareddy",
        "state": "Telangana"
    },
    {
        "name": "College of Pharmacy",
        "city": "Akluj",
        "state": "Maharashtra"
    },
    {
        "name": "College of Pharmacy, Madras Medical College",
        "city": "Chennai",
        "state": "Tamil Nadu"
    },
    {
        "name": "College of Pharmacy, Pt. B. D. Sharma, PGIMS",
        "city": "Rohtak",
        "state": "Haryana"
    },
    {
        "name": "Columbia Institute of Pharmacy",
        "city": "Raipur",
        "state": "Chhattisgarh"
    },
    {
        "name": "Creative Educational Society`s College of Pharmacy",
        "city": "Kurnool",
        "state": "Andhra Pradesh"
    },
    {
        "name": "D.S.T.S.Mandal`s College of Phamacy",
        "city": "Solapur",
        "state": "Maharashtra"
    },
    {
        "name": "Dadasaheb Balpande College of Pharmacy",
        "city": "Nagpur",
        "state": "Maharashtra"
    },
    {
        "name": "Dayananda Sagar University",
        "city": "Bengaluru",
        "state": "Karnataka"
    },
    {
        "name": "Deccan School of Pharmacy",
        "city": "Hyderabad",
        "state": "Telangana"
    },
    {
        "name": "Delhi Pharmaceutical Sciences and Research University",
        "city": "Delhi",
        "state": "Delhi"
    },
    {
        "name": "Desh Bhagat University",
        "city": "Mandi Gobindgarh",
        "state": "Punjab"
    },
    {
        "name": "Devi Ahilya Vishwavidyalaya",
        "city": "Indore",
        "state": "Madhya Pradesh"
    },
    {
        "name": "Dharmsinh Desai University",
        "city": "Nadiad",
        "state": "Gujarat"
    },
    {
        "name": "Dibrugarh University",
        "city": "Dibrugarh",
        "state": "Assam"
    },
    {
        "name": "Dr D.Y.Patil Institute of Pharmaceutical Sciences and Research",
        "city": "Pune",
        "state": "Maharashtra"
    },
    {
        "name": "Dr. A.P.J. Abdul Kalam University",
        "city": "Indore",
        "state": "Madhya Pradesh"
    },
    {
        "name": "Dr. B. C. Roy College of Pharmacy and Allied Health Sciences",
        "city": "Durgapur",
        "state": "West Bengal"
    },
    {
        "name": "Dr. Harisingh Gour Vishwavidyalaya, Sagar",
        "city": "Sagar",
        "state": "Madhya Pradesh"
    },
    {
        "name": "Dr. K N Modi Institute of Pharmaceutical Education and Research",
        "city": "MODINAGAR",
        "state": "Uttar Pradesh"
    },
    {
        "name": "Dr. K. V. Subba Reddy Institute of Pharmacy",
        "city": "Kurnool",
        "state": "Andhra Pradesh"
    },
    {
        "name": "Dr. L. H. Hiranandani College of Pharmacy",
        "city": "Ulhasnagr",
        "state": "Maharashtra"
    },
    {
        "name": "Dr. Satyendra Kumar Memorial College of Pharmacy",
        "city": "Bhopal",
        "state": "Madhya Pradesh"
    },
    {
        "name": "Dr. Vishwanath Karad MIT World Peace University",
        "city": "Pune",
        "state": "Maharashtra"
    },
    {
        "name": "Dyanand College of Pharmacy",
        "city": "Latur",
        "state": "Maharashtra"
    },
    {
        "name": "East Point College of Pharmacy",
        "city": "Bangalore",
        "state": "Karnataka"
    },
    {
        "name": "G. D. Memorial College of Pharmacy",
        "city": "Jodhpur",
        "state": "Rajasthan"
    },
    {
        "name": "G. L. A. University",
        "city": "Mathura",
        "state": "Uttar Pradesh"
    },
    {
        "name": "G.H.G. Khalsa College of Pharmacy, Ludhiana",
        "city": "Ludhiana",
        "state": "Punjab"
    },
    {
        "name": "Gajanan Maharaj Shikshan Prasarak Mandals Sharadchandra Pawar College of Pharmacy,Pune",
        "city": "Otur",
        "state": "Maharashtra"
    },
    {
        "name": "Galgotias University",
        "city": "Gautam Budh Nagar",
        "state": "Uttar Pradesh"
    },
    {
        "name": "Gandhi Institute of Technology and Management",
        "city": "Visakhapatnam",
        "state": "Andhra Pradesh"
    },
    {
        "name": "Ganpat University",
        "city": "Ganpat Vidyanagar, Mehsana",
        "state": "Gujarat"
    },
    {
        "name": "Geetanjali University",
        "city": "Udaipur",
        "state": "Rajasthan"
    },
    {
        "name": "Geethanjali College of Pharmacy",
        "city": "Secunderabad",
        "state": "Telangana"
    },
    {
        "name": "Girijananda Chowdhury Institute of Pharmaceutical Science",
        "city": "Guwahati",
        "state": "Assam"
    },
    {
        "name": "Global Institute of Pharmaceutical Education and Research",
        "city": "Kashipur",
        "state": "Uttarakhand"
    },
    {
        "name": "Goa College of Pharmacy",
        "city": "Panaji",
        "state": "Goa"
    },
    {
        "name": "Gokaraju Rangaraju College of Pharmacy",
        "city": "Hyderabad",
        "state": "Telangana"
    },
    {
        "name": "Gokula Krishna College of Pharmacy",
        "city": "Sullurupeta",
        "state": "Andhra Pradesh"
    },
    {
        "name": "Gourishankar Institute of Pharmaceutical Education and Research",
        "city": "Satara",
        "state": "Maharashtra"
    },
    {
        "name": "Government College of Pharmacy",
        "city": "Aurangabad",
        "state": "Maharashtra"
    },
    {
        "name": "Government College of Pharmacy",
        "city": "Amravati",
        "state": "Maharashtra"
    },
    {
        "name": "Group of Institutions College of Pharmacy",
        "city": "Kashti",
        "state": "Maharashtra"
    },
    {
        "name": "Gujarat Technological University",
        "city": "Ahmedabad",
        "state": "Gujarat"
    },
    {
        "name": "Gupta College of Technological Sciences",
        "city": "Asansol",
        "state": "West Bengal"
    },
    {
        "name": "Guru Ghasidas Vishwavidyalaya",
        "city": "BILASPUR (Chhattisgarh)",
        "state": "Chhattisgarh"
    },
    {
        "name": "Guru Jambheshwar University of Science and Technology, Hissar",
        "city": "Hisar",
        "state": "Haryana"
    },
    {
        "name": "Guru Nanak Institute of Pharmaceutical Science & Technology",
        "city": "Kolkata",
        "state": "West Bengal"
    },
    {
        "name": "Guru Nanak Institutions Technical Campus",
        "city": "Ibrahimpatnam",
        "state": "Telangana"
    },
    {
        "name": "Gurukul Kangri Vishwavidyalaya",
        "city": "Haridwar",
        "state": "Uttarakhand"
    },
    {
        "name": "Gurunanak College of Pharmacy",
        "city": "Nagpur",
        "state": "Maharashtra"
    },
    {
        "name": "Gyan Ganga Institute of Technology & Sciences",
        "city": "Jabalpur",
        "state": "Madhya Pradesh"
    },
    {
        "name": "Hanagal Shri Kumareshwar College of Pharmacy",
        "city": "Bagalkot",
        "state": "Karnataka"
    },
    {
        "name": "Hemwati Nandan Bahuguna Garhwal University",
        "city": "Srinagar-Garhwal",
        "state": "Uttarakhand"
    },
    {
        "name": "Himalayan Pharmacy Institute",
        "city": "East Sikkim",
        "state": "Sikkim"
    },
    {
        "name": "HIMT College of Pharmacy",
        "city": "Greater Noida",
        "state": "Uttar Pradesh"
    },
    {
        "name": "Hindu College of Pharmacy",
        "city": "Guntur",
        "state": "Andhra Pradesh"
    },
    {
        "name": "HI-TECH COLLEGE OF PHARMACY",
        "city": "Chandrapur",
        "state": "Maharashtra"
    },
    {
        "name": "I. S. F. College of Pharmacy",
        "city": "Moga",
        "state": "Punjab"
    },
    {
        "name": "I.T.S. College of Pharmacy, Ghaziabad",
        "city": "Ghaziabad",
        "state": "Uttar Pradesh"
    },
    {
        "name": "IEC (India Education Centre) University",
        "city": "Solan",
        "state": "Himachal Pradesh"
    },
    {
        "name": "IFTM University",
        "city": "Moradabad",
        "state": "Uttar Pradesh"
    },
    {
        "name": "Indore Institute of Pharmacy",
        "city": "Indore",
        "state": "Madhya Pradesh"
    },
    {
        "name": "Innovative College of Pharmacy, Greater Noida",
        "city": "GREATER NOIDA",
        "state": "Uttar Pradesh"
    },
    {
        "name": "Institute of Chemical Technology",
        "city": "Mumbai",
        "state": "Maharashtra"
    },
    {
        "name": "Institute of Pharmaceutical Education and Research",
        "city": "Wardha",
        "state": "Maharashtra"
    },
    {
        "name": "Institute of Pharmacy and Technology",
        "city": "Cuttack",
        "state": "Odisha"
    },
    {
        "name": "Integral University",
        "city": "Lucknow",
        "state": "Uttar Pradesh"
    },
    {
        "name": "Invertis University",
        "city": "Bareilly",
        "state": "Uttar Pradesh"
    },
    {
        "name": "ITM University",
        "city": "Gwalior",
        "state": "Madhya Pradesh"
    },
    {
        "name": "J. K. K. Munirajah Medical Research Foundation Ajkksa College of Pharmacy",
        "city": "Komarapalayam",
        "state": "Tamil Nadu"
    },
    {
        "name": "J. K. K. Nattraja College of Pharmacy",
        "city": "Komarapalayam",
        "state": "Tamil Nadu"
    },
    {
        "name": "Jadavpur University",
        "city": "Kolkata",
        "state": "West Bengal"
    },
    {
        "name": "Jaipur National University, Jaipur",
        "city": "Jaipur",
        "state": "Rajasthan"
    },
    {
        "name": "Jamia Hamdard",
        "city": "New Delhi",
        "state": "Delhi"
    },
    {
        "name": "Janata Shikshan Prasarak Mandal`s Sudhakarrao Nail Institute of Pahramcy , Pusad",
        "city": "Pusad",
        "state": "Maharashtra"
    },
    {
        "name": "Jaya College of Paramedical Sciences, College of Pharmcy",
        "city": "Chennai",
        "state": "Tamil Nadu"
    },
    {
        "name": "Jaywant Shikshan Prasarak Mandals Rajarshi Shahu College of Pharmacy & Research",
        "city": "Pune",
        "state": "Maharashtra"
    },
    {
        "name": "JIS University",
        "city": "Kolkata",
        "state": "West Bengal"
    },
    {
        "name": "JNTUA-Oil Technological Research Center",
        "city": "Anantapur",
        "state": "Andhra Pradesh"
    },
    {
        "name": "Joginapally B. R. Pharmacy College",
        "city": "Hyderabad",
        "state": "Telangana"
    },
    {
        "name": "JSS College of Pharmacy",
        "city": "Ooty",
        "state": "Tamil Nadu"
    },
    {
        "name": "JSS College of Pharmacy",
        "city": "Mysore",
        "state": "Karnataka"
    },
    {
        "name": "K. B. Institute of Pharmaceutical Education and Research",
        "city": "Gandhinagar",
        "state": "Gujarat"
    },
    {
        "name": "K. M. College of Pharmacy",
        "city": "Madurai City",
        "state": "Tamil Nadu"
    },
    {
        "name": "K. R. Mangalam University",
        "city": "Gurugram",
        "state": "Haryana"
    },
    {
        "name": "K.C. Institute of Pharmaceutical Sciences",
        "city": "UNA",
        "state": "Himachal Pradesh"
    },
    {
        "name": "Kakatiya University",
        "city": "Hanumakonda",
        "state": "Telangana"
    },
    {
        "name": "Kamla Nehru Institute of Management and Technology, Sultanpur",
        "city": "Sultanpur",
        "state": "Uttar Pradesh"
    },
    {
        "name": "Kanak Manjari Institute of Pharmaceutical Sciences",
        "city": "Sundargarh",
        "state": "Odisha"
    },
    {
        "name": "Karnataka College of Pharmacy",
        "city": "Bengaluru",
        "state": "Karnataka"
    },
    {
        "name": "Karpagam College of Pharmacy",
        "city": "Coimbatore",
        "state": "Tamil Nadu"
    },
    {
        "name": "Kashi Institute of Pharmacy, Varanasi",
        "city": "Varanasi",
        "state": "Uttar Pradesh"
    },
    {
        "name": "KCT`s Ravindra Gambhirrao Sapkal College of Pharmacy",
        "city": "Anjaneri, Nashik",
        "state": "Maharashtra"
    },
    {
        "name": "KGRL College of Pharmacy, Bhimavaram",
        "city": "Bhimavaram",
        "state": "Andhra Pradesh"
    },
    {
        "name": "KIET Group of Institutions",
        "city": "Ghaziabad",
        "state": "Uttar Pradesh"
    },
    {
        "name": "KLE College of Pharmacy",
        "city": "Bengaluru",
        "state": "Karnataka"
    },
    {
        "name": "KLE College of Pharmacy, Belgaum",
        "city": "Belgaum",
        "state": "Karnataka"
    },
    {
        "name": "KLE College of Pharmacy, Hubli",
        "city": "Hubballi",
        "state": "Karnataka"
    },
    {
        "name": "KLE`s College of Pharmacy",
        "city": "Nipani",
        "state": "Karnataka"
    },
    {
        "name": "KMCH College of Pharmacy",
        "city": "Coimbatore",
        "state": "Tamil Nadu"
    },
    {
        "name": "Konkan Gyanpeeths Rahul Dharkar College of Pharmacy and Research Institute",
        "city": "Karjat",
        "state": "Maharashtra"
    },
    {
        "name": "Krishna Teja Pharmacy College",
        "city": "Tirupati",
        "state": "Andhra Pradesh"
    },
    {
        "name": "Krupanidhi College of Pharmacy",
        "city": "Bengaluru",
        "state": "Karnataka"
    },
    {
        "name": "Kumaun University, Nainital",
        "city": "Nainital",
        "state": "Uttarakhand"
    },
    {
        "name": "Kurukshetra University",
        "city": "Kurukshetra",
        "state": "Haryana"
    },
    {
        "name": "KVPS'S INSTITUTE OF PHARMACEUTICAL EDUCATION, BORADI",
        "city": "Boradi",
        "state": "Maharashtra"
    },
    {
        "name": "KVSR Siddhartha College of Pharmaceutical Science",
        "city": "Vijayawada",
        "state": "Andhra Pradesh"
    },
    {
        "name": "L. M. College of Pharmacy",
        "city": "Ahmedabad",
        "state": "Gujarat"
    },
    {
        "name": "L.J. Institute of Pharmacy",
        "city": "Ahmedabad-",
        "state": "Gujarat"
    },
    {
        "name": "Lakshmi Narain College of Pharmacy",
        "city": "Bhopal",
        "state": "Madhya Pradesh"
    },
    {
        "name": "Late Bhausaheb Hire Smaranika Trust's Institute of Pharmacy",
        "city": "Malegon",
        "state": "Maharashtra"
    },
    {
        "name": "Late Smt Hanjabai Gahlot Charitable Trusts College of Pharmacy",
        "city": "Navi Mumbai",
        "state": "Maharashtra"
    },
    {
        "name": "Laureate Institute of Pharmacy",
        "city": "Jawalamukhi",
        "state": "Himachal Pradesh"
    },
    {
        "name": "Lingaya`s Vidyapeeth",
        "city": "Faridabad",
        "state": "Haryana"
    },
    {
        "name": "LNCT University",
        "city": "Bhopal",
        "state": "Madhya Pradesh"
    },
    {
        "name": "Lovely Professional University",
        "city": "Phagwara",
        "state": "Punjab"
    },
    {
        "name": "M V N University, Palwal",
        "city": "Palwal",
        "state": "Haryana"
    },
    {
        "name": "M.S. Ramaiah University of Applied Sciences",
        "city": "Bangalore",
        "state": "Karnataka"
    },
    {
        "name": "Maharaja Ranjit Singh State Technical University",
        "city": "Bathinda",
        "state": "Punjab"
    },
    {
        "name": "Maharaja Sayajirao University of Baroda",
        "city": "Vadodara",
        "state": "Gujarat"
    },
    {
        "name": "Maharashtra College of Pharmacy, Nilanga",
        "city": "Nilanga",
        "state": "Maharashtra"
    },
    {
        "name": "Maharashtra Cosmopolitan Education Society`s Allana College of Pharmacy,Pune",
        "city": "Pune",
        "state": "Maharashtra"
    },
    {
        "name": "Maharashtra Education Societys H.K. College of Pharmacy",
        "city": "Mumbai",
        "state": "Maharashtra"
    },
    {
        "name": "Maharishi Markandeshwar",
        "city": "Ambala",
        "state": "Haryana"
    },
    {
        "name": "Maharshi Dayanand University",
        "city": "Rohtak",
        "state": "Haryana"
    },
    {
        "name": "Mahatama Gandhi Vidyamandirs College of Pharmacy",
        "city": "Nashik",
        "state": "Maharashtra"
    },
    {
        "name": "Mahatama Gandhi Vidyamandirs Samajshri Prashant Hiray College of Pharmacy, Nashik",
        "city": "Malegaon",
        "state": "Maharashtra"
    },
    {
        "name": "Maliba Pharmacy College",
        "city": "Tarsadi",
        "state": "Gujarat"
    },
    {
        "name": "Malla Reddy College of Pharmacy",
        "city": "Secunderabad",
        "state": "Telangana"
    },
    {
        "name": "Mallige College of Pharmacy",
        "city": "Bengaluru",
        "state": "Karnataka"
    },
    {
        "name": "Manipal College of Pharmaceutical Sciences, Manipal",
        "city": "Udupi",
        "state": "Karnataka"
    },
    {
        "name": "Marathwada Mitra Mandal`s College of Pharmacy",
        "city": "Pune",
        "state": "Maharashtra"
    },
    {
        "name": "Meerut Institute of Engineering & Technology",
        "city": "Meerut",
        "state": "Uttar Pradesh"
    },
    {
        "name": "MLR Institute of Pharmacy",
        "city": "Hyderabad",
        "state": "Telangana"
    },
    {
        "name": "MNR College of Pharmacy",
        "city": "Sangareddy",
        "state": "Telangana"
    },
    {
        "name": "Modern Institute of Pharmaceutical Sciences",
        "city": "Indore",
        "state": "Madhya Pradesh"
    },
    {
        "name": "Mohan Lal Sukhadia University",
        "city": "Udaipur",
        "state": "Rajasthan"
    },
    {
        "name": "Moradabad Educational Trust Group of Institutions, Faculty of Pharmacy",
        "city": "Moradabad",
        "state": "Uttar Pradesh"
    },
    {
        "name": "Mula Education Society's College of Pharmacy",
        "city": "Sonai",
        "state": "Maharashtra"
    },
    {
        "name": "Mumbai Education Trust`s College of Pharmacy",
        "city": "Nashik",
        "state": "Maharashtra"
    },
    {
        "name": "MVP Samaj's College of Pharmacy",
        "city": "Nashik",
        "state": "Maharashtra"
    },
    {
        "name": "N.G.S.M. INSTITUTE OF PHARMACEUTICAL SCIENCES",
        "city": "Mangaluru",
        "state": "Karnataka"
    },
    {
        "name": "Nalla Narasimha Reddy Education Society`s Group of Institutions",
        "city": "Hyderabad",
        "state": "Telangana"
    },
    {
        "name": "Nanded Pharmacy College, Shyam Nagar, Nanded",
        "city": "Nanded",
        "state": "Maharashtra"
    },
    {
        "name": "Nandha College of Pharmacy",
        "city": "Erode",
        "state": "Tamil Nadu"
    },
    {
        "name": "Narasaraopeta Institute of Pharmaceutical Sciences",
        "city": "Narasaraopet",
        "state": "Andhra Pradesh"
    },
    {
        "name": "Narayana Pharmacy College",
        "city": "Nellore",
        "state": "Andhra Pradesh"
    },
    {
        "name": "Nargund College of Pharmacy",
        "city": "Bangalore",
        "state": "Karnataka"
    },
    {
        "name": "National College of Pharmacy",
        "city": "Calicut",
        "state": "Kerala"
    },
    {
        "name": "National Institute of Pharmaceutical Education and Research Ahmedabad",
        "city": "Gandhinagar",
        "state": "Gujarat"
    },
    {
        "name": "National Institute of Pharmaceutical Education and Research Guwahati",
        "city": "Guwahati",
        "state": "Assam"
    },
    {
        "name": "National Institute Of Pharmaceutical Education And Research Hajipur",
        "city": "Hajipur",
        "state": "Bihar"
    },
    {
        "name": "National Institute of Pharmaceutical Education and Research Hyderabad",
        "city": "Hyderabad",
        "state": "Telangana"
    },
    {
        "name": "National Institute of Pharmaceutical Education and Research Kolkata",
        "city": "Kolkata",
        "state": "West Bengal"
    },
    {
        "name": "National Institute of Pharmaceutical Education and Research Raebareli",
        "city": "Lucknow",
        "state": "Uttar Pradesh"
    },
    {
        "name": "National Institute of Pharmaceutical Education and Research, Mohali",
        "city": "Mohali",
        "state": "Punjab"
    },
    {
        "name": "Nehru College of Pharmacy",
        "city": "Thiruvilwamala",
        "state": "Kerala"
    },
    {
        "name": "Netaji Subhas Chandra Bose Institute of Pharmacy",
        "city": "Chakdaha",
        "state": "West Bengal"
    },
    {
        "name": "Nirma University",
        "city": "Ahmedabad",
        "state": "Gujarat"
    },
    {
        "name": "Nirmala College of Pharmacy, Mangalagiri",
        "city": "Mangalagiri",
        "state": "Andhra Pradesh"
    },
    {
        "name": "Nirmala College of Pharmacy, Muvattupuzha",
        "city": "Muvattupuzha",
        "state": "Kerala"
    },
    {
        "name": "Noida Institute of Engineering and Technology (Pharmacy Institute)",
        "city": "Greater Noida",
        "state": "Uttar Pradesh"
    },
    {
        "name": "Nova College of Pharmacy",
        "city": "Jangareddigudem",
        "state": "Andhra Pradesh"
    },
    {
        "name": "NRI Institute of Pharmaceutical Science",
        "city": "Bhopal",
        "state": "Madhya Pradesh"
    },
    {
        "name": "NRI Institute of Pharmacy",
        "city": "Bhopal",
        "state": "Madhya Pradesh"
    },
    {
        "name": "NSHM Knowledge Campus, Kolkata",
        "city": "Kolkata",
        "state": "West Bengal"
    },
    {
        "name": "Oriental College of Pharmacy",
        "city": "Navi Mumbai",
        "state": "Maharashtra"
    },
    {
        "name": "Oriental College of Pharmacy",
        "city": "Bhopal",
        "state": "Madhya Pradesh"
    },
    {
        "name": "Oriental University, Indore",
        "city": "Indore",
        "state": "Madhya Pradesh"
    },
    {
        "name": "Oxford College of Pharmacy",
        "city": "Bengaluru",
        "state": "Karnataka"
    },
    {
        "name": "P. E. Society`s Modern College of Pharmacy",
        "city": "Pune",
        "state": "Maharashtra"
    },
    {
        "name": "P.Rami Reddy Memorial College of Pharmacy",
        "city": "Kadapa",
        "state": "Andhra Pradesh"
    },
    {
        "name": "Padamshree Dr. D. Y. Patil College of Pharmacy",
        "city": "Pune",
        "state": "Maharashtra"
    },
    {
        "name": "Padamshree Dr. Vitthalrao Vikhe Patil Foundation`s College of Pharmacy",
        "city": "Ahmednagar",
        "state": "Maharashtra"
    },
    {
        "name": "Panjab University",
        "city": "Chandigarh",
        "state": "Chandigarh"
    },
    {
        "name": "Parul University",
        "city": "Vadodara",
        "state": "Gujarat"
    },
    {
        "name": "Pataldhamal Wadhwani B.Pharmacy College, Yavatmal.",
        "city": "Yavatmal",
        "state": "Maharashtra"
    },
    {
        "name": "Periyar College of Pharmaceuitcal Sciences",
        "city": "Tiruchirappalli",
        "state": "Tamil Nadu"
    },
    {
        "name": "PES Modern College of Pharmacy ( for ladies) Moshi, Pune",
        "city": "Pune",
        "state": "Maharashtra"
    },
    {
        "name": "Ponda Education Society's Rajaram and Tarabai Bandekar College of Pharmacy",
        "city": "Ponda",
        "state": "Goa"
    },
    {
        "name": "Poona College of Pharmacy, Pune",
        "city": "Pune",
        "state": "Maharashtra"
    },
    {
        "name": "POONA DISTRICT EDUCATION ASSOCIATION'S SHANKARRAO URSAL COLLEGE OF PHARMACEUTICAL SCIENCES AND RESEARCH CENTRE",
        "city": "Pune",
        "state": "Maharashtra"
    },
    {
        "name": "Prabodhan Shikshan Prasarak Sanstha's College of Indira Institute of Pharmacy",
        "city": "Devrukh",
        "state": "Maharashtra"
    },
    {
        "name": "Pranveer Singh Institute of Technology, Kanpur",
        "city": "Kanpur",
        "state": "Uttar Pradesh"
    },
    {
        "name": "Pravara Rural College of Pharmacy",
        "city": "Ahmednagar (Loni Bk)",
        "state": "Maharashtra"
    },
    {
        "name": "Pravara Rural Education Society's College of Pharmacy",
        "city": "Sinnar",
        "state": "Maharashtra"
    },
    {
        "name": "Principal K.M. Kundnani College of Pharmacy",
        "city": "Mumbai",
        "state": "Maharashtra"
    },
    {
        "name": "Priyadarshini J.L.College of Pharmacy",
        "city": "Nagpur",
        "state": "Maharashtra"
    },
    {
        "name": "PSG COLLEGE OF PHARMACY",
        "city": "Coimbatore",
        "state": "Tamil Nadu"
    },
    {
        "name": "Pt. Ravishankar Shukla University",
        "city": "Raipur",
        "state": "Chhattisgarh"
    },
    {
        "name": "Pulla Reddy Institute of Pharmacy",
        "city": "Medak",
        "state": "Telangana"
    },
    {
        "name": "Pune District Education Associations Seth Govind Raghunath Sable College of Pharmacy, Saswad",
        "city": "Saswad",
        "state": "Maharashtra"
    },
    {
        "name": "Punjabi University, Patiala",
        "city": "Patiala",
        "state": "Punjab"
    },
    {
        "name": "Pushpagiri College of Pharmacy",
        "city": "Tiruvalla",
        "state": "Kerala"
    },
    {
        "name": "QIS College of Pharmacy",
        "city": "Ongole",
        "state": "Andhra Pradesh"
    },
    {
        "name": "R. C. Patel Institute of Pharmaceutical Education & Research",
        "city": "Shirpur",
        "state": "Maharashtra"
    },
    {
        "name": "R.R. College of Pharmacy",
        "city": "Bangalore",
        "state": "Karnataka"
    },
    {
        "name": "R.V.Northland Institute",
        "city": "GREATER NOIDA",
        "state": "Uttar Pradesh"
    },
    {
        "name": "Rafflles University",
        "city": "Neemrana",
        "state": "Rajasthan"
    },
    {
        "name": "Raghavendra Institute of Pharmaceuatical Education & Research",
        "city": "Anantapur",
        "state": "Andhra Pradesh"
    },
    {
        "name": "Raghu College of Pharmacy",
        "city": "Visakhapatnam",
        "state": "Andhra Pradesh"
    },
    {
        "name": "Raj Kumar Goel Institute of Technology",
        "city": "Ghaziabad",
        "state": "Uttar Pradesh"
    },
    {
        "name": "Rajarambapu College of Pharmacy",
        "city": "Kasegaon",
        "state": "Maharashtra"
    },
    {
        "name": "Rajarshi Shahu College of Pharmacy",
        "city": "Buldana",
        "state": "Maharashtra"
    },
    {
        "name": "Rajgad Dnyanpeeths Pharmacy College, Bhor",
        "city": "Bhor",
        "state": "Maharashtra"
    },
    {
        "name": "Rajiv Memorial College of Pharmacy",
        "city": "KALABURAGI",
        "state": "Karnataka"
    },
    {
        "name": "Ramanbhai Patel College of Pharmacy",
        "city": "Anand",
        "state": "Gujarat"
    },
    {
        "name": "Ram-Eesh Institute of Vocational and Technical Education",
        "city": "Greater Noida",
        "state": "Uttar Pradesh"
    },
    {
        "name": "Rani Chennamma College of Pharmacy",
        "city": "Belgaum",
        "state": "Karnataka"
    },
    {
        "name": "Ratnam Institute of Pharmacy",
        "city": "Pidathapolur Village",
        "state": "Andhra Pradesh"
    },
    {
        "name": "Rayat Bahra University",
        "city": "Sahibzada Ajit Singh Nagar",
        "state": "Punjab"
    },
    {
        "name": "RBVRR Women`s College of Pharmacy",
        "city": "Barkatpura",
        "state": "Telangana"
    },
    {
        "name": "Rofel G.M. Bilakhia College of Pharmacy, Vapi",
        "city": "Vapi",
        "state": "Gujarat"
    },
    {
        "name": "Roland Institute of Pharmaceutical Sciences",
        "city": "Berhampur",
        "state": "Odisha"
    },
    {
        "name": "Royal College of Pharmacy and Health Sciences",
        "city": "Berhampur",
        "state": "Odisha"
    },
    {
        "name": "Royal Institute of Manag.& Advance Studies, Ratlam",
        "city": "Ratlam",
        "state": "Madhya Pradesh"
    },
    {
        "name": "Rungta College of Pharmaceutical Sciences & Research",
        "city": "Bhilai",
        "state": "Chhattisgarh"
    },
    {
        "name": "S.D.College of Pharmacy & Vocational Studies",
        "city": "Muzaffarnagar",
        "state": "Uttar Pradesh"
    },
    {
        "name": "S.E.T`s College of Pharmacy",
        "city": "Dharwad",
        "state": "Karnataka"
    },
    {
        "name": "S.R.M. Institute of Science and Technology",
        "city": "Chennai",
        "state": "Tamil Nadu"
    },
    {
        "name": "Sagar Institute of Pharmacy and Technology",
        "city": "Gandhi Nagar",
        "state": "Madhya Pradesh"
    },
    {
        "name": "Sagar Institute of Research & Technology Pharmacy",
        "city": "Bhopal",
        "state": "Madhya Pradesh"
    },
    {
        "name": "Sagar Institute of Research Technology & Science-Pharmacy",
        "city": "Bhopal",
        "state": "Madhya Pradesh"
    },
    {
        "name": "SAGE University, Indore",
        "city": "Indore",
        "state": "Madhya Pradesh"
    },
    {
        "name": "Sam Higginbottom Institute of Agriculture, Technology & Sciences",
        "city": "Prayagraj",
        "state": "Uttar Pradesh"
    },
    {
        "name": "Sandip Foundation`s Sandip Institute of Pharmaceutical Sciences, Nashik",
        "city": "Nashik",
        "state": "Maharashtra"
    },
    {
        "name": "Sanjivani College of Pharmaceutical Education and Research",
        "city": "Kopargaon",
        "state": "Maharashtra"
    },
    {
        "name": "Sankalchand Patel University, Visnagar",
        "city": "Visnagar",
        "state": "Gujarat"
    },
    {
        "name": "Sanskar College of Pharmacy & Research",
        "city": "Ghaziabad",
        "state": "Uttar Pradesh"
    },
    {
        "name": "Sant Gajanan Maharaj College of Pharmacy",
        "city": "Kolhapur",
        "state": "Maharashtra"
    },
    {
        "name": "Santhiram College of Pharmacy",
        "city": "Nandyal",
        "state": "Andhra Pradesh"
    },
    {
        "name": "Sarada Vilas College of Pharmacy",
        "city": "Mysore",
        "state": "Karnataka"
    },
    {
        "name": "Saurashtra University",
        "city": "Rajkot",
        "state": "Gujarat"
    },
    {
        "name": "School of Pharmacy, Chouksey Engineering College",
        "city": "Bilaspur",
        "state": "Chhattisgarh"
    },
    {
        "name": "School of Studies In Pharmaceutical Sciences",
        "city": "Gwalior",
        "state": "Madhya Pradesh"
    },
    {
        "name": "Seemanta Institute of Pharmaceutical Sciences",
        "city": "Baripada",
        "state": "Odisha"
    },
    {
        "name": "SES`s H. R. Patel Institute of Pharmaceutical Education and Research",
        "city": "Shirpur",
        "state": "Maharashtra"
    },
    {
        "name": "Seven Hills College of Pharmacy",
        "city": "Tirupati",
        "state": "Andhra Pradesh"
    },
    {
        "name": "Shambhunath Institute of Pharmacy, Allahabad",
        "city": "Allahabad",
        "state": "Uttar Pradesh"
    },
    {
        "name": "Sherwood College of Pharmacy",
        "city": "Barabanki",
        "state": "Uttar Pradesh"
    },
    {
        "name": "Shivalik College of Pharmacy",
        "city": "Nangal",
        "state": "Punjab"
    },
    {
        "name": "SHOBHIT UNIVERSITY, GANGOH",
        "city": "Saharanpur",
        "state": "Uttar Pradesh"
    },
    {
        "name": "Shoolini University of Biotechnology and Management Sciences",
        "city": "Solan",
        "state": "Himachal Pradesh"
    },
    {
        "name": "Shree Dhanvantary Pharmacy College",
        "city": "Surat",
        "state": "Gujarat"
    },
    {
        "name": "Shree Guru Gobind Singh Tricentenary University",
        "city": "Gurgaon",
        "state": "Haryana"
    },
    {
        "name": "Shree Warana Vibhag Shikshan Mandal`s Tatyasaheb Kore Collge of Pharmacy, Warananagar",
        "city": "Warananagar",
        "state": "Maharashtra"
    },
    {
        "name": "Shri Balaji Shikshan Prasarak Mandal`s B.Pharmacy College",
        "city": "Ambajogai",
        "state": "Maharashtra"
    },
    {
        "name": "Shri Chankya Education Societys Indira College of Pharmacy",
        "city": "Pune",
        "state": "Maharashtra"
    },
    {
        "name": "Shri Chhatrapati Sambhaji Shikshan Sanstha`s Sitabai Thite College of Pharmacy",
        "city": "Shirur",
        "state": "Maharashtra"
    },
    {
        "name": "Shri Dhaneshwari Manav Vikas Mandals Dr. Vedprakash Patil Pharmacy College, Aurangabad",
        "city": "Aurangabad",
        "state": "Maharashtra"
    },
    {
        "name": "Shri G. S. Institute of Technology & Science",
        "city": "Indore",
        "state": "Madhya Pradesh"
    },
    {
        "name": "Shri Jain Vidya Prasarak Mandals Shri Fattehchand Jain College of Pharmacy (B Pharm",
        "city": "Pune",
        "state": "Maharashtra"
    },
    {
        "name": "Shri Ram Murti Smarak College of Engineering & Technology",
        "city": "Bareilly",
        "state": "Uttar Pradesh"
    },
    {
        "name": "Shri Rawatpura Sarkar Institute",
        "city": "Kumhari",
        "state": "Chhattisgarh"
    },
    {
        "name": "Shri Sai College of Pharmacy, Badhani",
        "city": "Pathankot",
        "state": "Punjab"
    },
    {
        "name": "Shri Shankaracharya Technical Campus",
        "city": "Bhilai",
        "state": "Chhattisgarh"
    },
    {
        "name": "Shri Vishnu College of Pharmacy",
        "city": "Bhimavaram",
        "state": "Andhra Pradesh"
    },
    {
        "name": "SINHGAD INSTITUTE OF PHARMACEUTICAL SCIENCES, LONAVALA",
        "city": "Lonavala",
        "state": "Maharashtra"
    },
    {
        "name": "Sinhgad Institute of Pharmacy",
        "city": "Pune",
        "state": "Maharashtra"
    },
    {
        "name": "Sinhgad Technical Education Societys College of Pharmacy, Pune",
        "city": "Pune",
        "state": "Maharashtra"
    },
    {
        "name": "Sir C. R. Reddy College of Pharmaceutical Sciences",
        "city": "Eluru",
        "state": "Andhra Pradesh"
    },
    {
        "name": "SJM College of Pharmacy",
        "city": "Chitradurga",
        "state": "Karnataka"
    },
    {
        "name": "Smriti College of Pharmaceutical Education",
        "city": "Indore",
        "state": "Madhya Pradesh"
    },
    {
        "name": "Smt R.D. Gardi B. Pharmacy College Nyara Rajkot",
        "city": "Rajkot",
        "state": "Gujarat"
    },
    {
        "name": "SMT VIDYAWATI COLLEGE OF PHARMACY, JHANSI",
        "city": "JHANSI",
        "state": "Uttar Pradesh"
    },
    {
        "name": "Smt. Kashibai Navale College of Pharmacy",
        "city": "Pune",
        "state": "Maharashtra"
    },
    {
        "name": "Smt. Kishoritai Bhoyar College of Pharmacy",
        "city": "Nagpur",
        "state": "Maharashtra"
    },
    {
        "name": "Smt. Sharadchandrika Suresh Patil College of Pharmacy",
        "city": "Chopda",
        "state": "Maharashtra"
    },
    {
        "name": "Smt.Champaben Vasantbhai Gajera Pharmacy Mahila College",
        "city": "Amreli",
        "state": "Gujarat"
    },
    {
        "name": "SNJB's Shriman Suresh Dada Jain College of Pharmacy",
        "city": "Chandwad",
        "state": "Maharashtra"
    },
    {
        "name": "Sou. Mathurabai Bhausaheb Thorat Sevabhavi Trusts S.M.B.T. College of Pharmacy",
        "city": "Nashik",
        "state": "Maharashtra"
    },
    {
        "name": "Sree Dattha Institute of Pharmacy",
        "city": "Sheriguda",
        "state": "Telangana"
    },
    {
        "name": "Sree Siddaganga College of Pharmacy",
        "city": "Tumkur",
        "state": "Karnataka"
    },
    {
        "name": "Sree Vidyanikethan College of Pharmacy",
        "city": "A.Rangampet",
        "state": "Andhra Pradesh"
    },
    {
        "name": "Sri Adichunchanagiri College of Pharmacy",
        "city": "B.G Nagara",
        "state": "Karnataka"
    },
    {
        "name": "Sri Aurobindo Institute of Pharmacy",
        "city": "Indore",
        "state": "Madhya Pradesh"
    },
    {
        "name": "Sri Krishna Chaitanya College of Pharmacy",
        "city": "MADANAPALLE",
        "state": "Andhra Pradesh"
    },
    {
        "name": "Sri Padmavathi Mahila Visvavidyalayam",
        "city": "Tirupathi",
        "state": "Andhra Pradesh"
    },
    {
        "name": "Sri Ramachandra Institute of Higher Education and Research",
        "city": "Chennai",
        "state": "Tamil Nadu"
    },
    {
        "name": "Sri Ramakrishna Institute of Paramedical Sciences, College of Pharmacy",
        "city": "COIMBATORE",
        "state": "Tamil Nadu"
    },
    {
        "name": "Sri Sathya Sai Institute Of Pharmaceutical Sciences",
        "city": "Bhopal",
        "state": "Madhya Pradesh"
    },
    {
        "name": "Sri Vasavi Institute of Pharmaceutical Sciences",
        "city": "Tadepalligudem",
        "state": "Andhra Pradesh"
    },
    {
        "name": "Sri Venkateswara College of Pharmacy",
        "city": "Chittoor",
        "state": "Andhra Pradesh"
    },
    {
        "name": "Sri Venkateswara University",
        "city": "Tirupati",
        "state": "Andhra Pradesh"
    },
    {
        "name": "Srinivasarao College of Pharmacy",
        "city": "Visakhapatnam",
        "state": "Andhra Pradesh"
    },
    {
        "name": "SSM College of Pharmacy",
        "city": "Jambai",
        "state": "Tamil Nadu"
    },
    {
        "name": "SSR COLLEGE OF PHARMACY",
        "city": "Silvassa",
        "state": "Dadra and Nagar Haveli"
    },
    {
        "name": "St. Mary's Group of Institutions",
        "city": "Guntur",
        "state": "Andhra Pradesh"
    },
    {
        "name": "St. Pauls College of Pharmacy",
        "city": "Hyderabad",
        "state": "Telangana"
    },
    {
        "name": "St. Peter`s Institute of Pharmaceutical Sciences",
        "city": "Warangal",
        "state": "Telangana"
    },
    {
        "name": "St.James College of pharmaceutical Sciences",
        "city": "Chalakudy",
        "state": "Kerala"
    },
    {
        "name": "Sultan Ul Uloom College of Pharmacy",
        "city": "Hyderabad",
        "state": "Telangana"
    },
    {
        "name": "Sumandeep Vidyapeeth, Vadodara",
        "city": "Vadodara",
        "state": "Gujarat"
    },
    {
        "name": "Suresh Gyan Vihar University",
        "city": "Jaipur",
        "state": "Rajasthan"
    },
    {
        "name": "SVKM`s Dr. Bhanuben Nanavati College of Pharmacy",
        "city": "Mumbai",
        "state": "Maharashtra"
    },
    {
        "name": "SVKM`s Narsee Monjee Institute of Management Studies",
        "city": "Mumbai",
        "state": "Maharashtra"
    },
    {
        "name": "SVNHT College of Pharmacy",
        "city": "Rahuri",
        "state": "Maharashtra"
    },
    {
        "name": "Swamy Vivekanandha College of Pharmacy",
        "city": "Salem",
        "state": "Tamil Nadu"
    },
    {
        "name": "Swathi College of Pharmacy",
        "city": "Nellore",
        "state": "Andhra Pradesh"
    },
    {
        "name": "Talla Padmavathi College of Pharmacy",
        "city": "Warangal",
        "state": "Telangana"
    },
    {
        "name": "Teerthanker Mahaveer University",
        "city": "Moradabad",
        "state": "Uttar Pradesh"
    },
    {
        "name": "Thanthai Roever College of Pharmacy",
        "city": "Perambalur",
        "state": "Tamil Nadu"
    },
    {
        "name": "THE ERODE COLLEGE OF PHARMACY",
        "city": "Erode",
        "state": "Tamil Nadu"
    },
    {
        "name": "The Pharmaceutical College",
        "city": "Barapali",
        "state": "Odisha"
    },
    {
        "name": "The Rashtrasant Tukadoji Maharaj Nagpur University",
        "city": "Nagpur",
        "state": "Maharashtra"
    },
    {
        "name": "United Institute of Pharmacy",
        "city": "PRAYAGRAJ",
        "state": "Uttar Pradesh"
    },
    {
        "name": "University College of Technology (Autonomous)",
        "city": "Hyderabad",
        "state": "Telangana"
    },
    {
        "name": "Vasavi Institute of Pharmaceutical Sciences",
        "city": "Kadapa",
        "state": "Andhra Pradesh"
    },
    {
        "name": "Vedica College of B.Pharmacy",
        "city": "Bhopal",
        "state": "Madhya Pradesh"
    },
    {
        "name": "Vels Institute of Science Technology & Advanced Studies (VISTAS) -Chennai",
        "city": "Chennai",
        "state": "Tamil Nadu"
    },
    {
        "name": "Vidyabharati College of Pharmacy",
        "city": "Amravati",
        "state": "Maharashtra"
    },
    {
        "name": "Vignan Institute of Pharmaceutical Technology",
        "city": "Visakhapatnam",
        "state": "Andhra Pradesh"
    },
    {
        "name": "Vignan Pharmacy College",
        "city": "Guntur",
        "state": "Andhra Pradesh"
    },
    {
        "name": "Vijaya Institute of Pharmaceutical Sciences for Women, Enkepadu, Vijayawada",
        "city": "Vijayawada",
        "state": "Andhra Pradesh"
    },
    {
        "name": "Vikas Institute of Pharmaceutical Science",
        "city": "Rajahmundry",
        "state": "Andhra Pradesh"
    },
    {
        "name": "Vinayaka Mission's College of Pharmacy",
        "city": "Salem",
        "state": "Tamil Nadu"
    },
    {
        "name": "Vishnu Institute of Pharmaceutical Education and Research",
        "city": "Narsapur",
        "state": "Telangana"
    },
    {
        "name": "Vivekanand Education Society`s College of Pharmacy",
        "city": "Mumbai",
        "state": "Maharashtra"
    },
    {
        "name": "VJ's College of Pharmacy",
        "city": "Rajahmundry",
        "state": "Andhra Pradesh"
    },
    {
        "name": "Y. B. CHAVAN COLLEGE OF PHARMACY",
        "city": "Aurangabad",
        "state": "Maharashtra"
    },
    {
        "name": "Yash Institute of Pharmacy waluj road Aurangabad",
        "city": "Aurangabad",
        "state": "Maharashtra"
    },
    {
        "name": "Yashoda Technical campus Faculty of Pharmacy",
        "city": "Satara",
        "state": "Maharashtra"
    },
    {
        "name": "Yashraj College of Professional Studies",
        "city": "KANPUR",
        "state": "Uttar Pradesh"
    },
    {
        "name": "Yashwantrao Bhonsale College of Pharmacy, Sawantwadi",
        "city": "Sawantwadi",
        "state": "Maharashtra"
    }
]